X746	X191	X20	X540	X277	X777	X28	X702	X53	X89	X56	X302	X75	X147	X423	X404	X182	X194	X45	X96	X169	X416	X148	X46	X203	X92	X357	X44	X199	X123	X701	X762	X17	X754	X581	X97	X662	X361	X637	X284	X195	X91	X415	X126	X234	X133	X542	X64	X205	X27	X98	X545	X497	X514	X141	X376	X504	X374	X420	X257	X693	X358	X690	X1	X680	X322	X705	X719	X745	X707	X706	X760	X767	X67	X174	X202	X87	X12	X38	X422	X40	X86	X691	X587	X150	X178	X30	X434	X654	X185	X172	X109	X47	X733	X445	X135	X519	X394	X58	X55	X217	X688	X245	X328	X642	X15	X332	X166	X81	X656	X37	X157	X175	X66	X678	X572	X740	X734	X73	X143	X8	X488	X421	X451	X80	X493	X10	X137	X52	X198	X187	X122	X667	X111	X744	X5	X120	X69	X285	X560	X505	X620	X13	X377	X176	X105	X651	X168	X145	X68	X671	X437	X119	X683	X742	X54	X681	X673	X262	X312	X522	X607	X290	X703	X65	X764	X293	X619	X769	X442	X23	X88	X39	X616	X739	X432	X72	X639	X121	X235	X435	X42	X93	X598	X173	X732	X11	X771	X84	X426	X193	X201	X186	X99	X76	X489	X31	X324	X29	X755
1	6	62	5681	8	0	0	171	2	549	0	0	0	0	20	0	0	0	0	226	28	0	5	21	0	0	0	1	1	0	1	0	0	2	0	0	46	0	0	0	0	2	5	0	0	54	27	4	43	0	52	26	1	1	0	10	0	0	1	0	0	3	2	2	5268	0	5	1	4	2	3	13	1	0	58	17	4	87	3857	2	0	465	27	5	3	311	0	3383	27	0	0	0	2	26	0	16	20	4	0	398	257	28	9	11	11	10	8035	16	147	353	1	2597	0	0	227	0	1	0	1	23	0	1996	0	2	8	0	0	6814	0	788	11	6	67	0	48	2	21299	147	169	11	19	0	0	799	0	0	274	5	300	399	981	10	0	2	1	0	208	6	12	43	43	16	34	51	5	372	1	8	6	1	8	1799	218	1086	4	2	0	0	9	141	0	0	929	358	5	20	3	3360	0	162	4	29	6	0	1	34	0	29	0	626	0
2	0	0	44	0	0	0	25	0	32	1	0	0	0	11	0	0	2	0	1	0	0	0	0	0	0	0	0	0	0	0	0	0	6	0	0	1	0	0	0	0	0	6	0	0	0	0	0	0	1	4	0	0	0	0	0	0	0	0	0	0	0	1	0	189	0	0	0	0	0	0	0	0	0	152	35	6	39	1397	0	0	326	60	0	0	1	0	363	0	0	0	0	9	29	0	0	0	0	0	245	2	0	0	0	0	0	353	0	0	1	0	134	3	0	2	0	0	0	0	1	0	69	0	0	0	0	0	269	0	10	1	0	0	0	0	0	1026	1	2	0	0	0	0	74	0	0	75	0	0	4	156	0	0	0	0	0	3	0	1	1	0	0	0	0	0	0	0	0	0	0	0	123	11	24	0	0	0	118	0	3	0	0	4	98	0	0	0	662	0	35	0	0	3	0	14	3	0	502	0	108	0
3	0	10	2032	2	0	0	51	0	69	2	36	0	0	17	0	0	2	0	449	95	58	0	36	0	0	1	0	0	0	0	0	0	17	0	0	0	0	0	0	0	0	0	0	0	3	0	4	72	133	1521	38	3	1	2	5	0	0	0	0	0	0	0	10	7157	0	0	0	0	0	0	2	0	0	34	0	3	29	687	0	0	250	41	0	3	35	0	170	0	0	2	0	1	1	0	0	6	18	0	2397	91	5	0	0	0	0	2280	1	17	0	0	199	0	0	67	0	0	0	0	49	339	2608	1	1	1	0	0	2062	0	84	0	3	13	0	15	0	6406	39	87	1	1	0	0	3	0	0	1	0	5	0	0	0	0	0	0	0	0	0	1	0	1	0	0	3	0	0	0	3	0	1	1	1275	58	306	0	0	0	1	0	1	0	0	65	2	0	0	0	402	0	28	0	0	1	0	205	318	0	329	1	751	0
4	0	13	1868	1	12	0	295	0	133	4	0	0	0	38	0	0	0	0	755	100	105	3	0	0	0	0	0	1	31	1	0	0	165	0	0	0	0	0	0	0	0	0	0	0	3	0	0	3	67	411	6	2	1	0	0	0	0	0	0	0	0	0	0	1204	0	0	0	0	0	0	1	1	0	6	11	0	0	1904	0	0	216	14	2	0	145	0	285	0	0	0	0	63	100	0	1	4	0	0	177	15	2	0	0	0	0	1795	1	12	0	0	129	0	0	5	0	0	0	0	0	72	446	0	0	0	0	0	1991	0	42	0	2	3	0	3	0	4698	6	9	0	1	0	0	138	0	1	17	0	0	0	71	2	0	0	0	0	5	0	0	2	1	0	0	0	0	0	0	6	1	0	0	920	152	433	1	1	0	0	0	1	0	0	1	0	4	41	1	6380	0	22	0	0	15	0	42	16	0	130	0	258	1
5	0	0	268	0	0	0	25	0	23	2	0	0	0	2	0	0	0	0	9	0	0	0	0	0	0	0	0	0	0	0	0	0	5	0	0	0	0	0	0	0	0	0	0	0	0	0	0	0	0	11	0	0	0	0	0	0	0	0	0	0	0	0	0	79	0	0	0	0	0	0	0	0	0	0	0	0	1	45	0	0	0	1	0	0	0	0	7	0	0	0	0	0	1	0	0	0	0	0	0	1	0	0	0	0	0	57	0	0	0	0	4	0	0	0	0	0	0	0	1	0	125	0	0	0	0	0	34	0	0	0	0	0	0	0	0	91	0	0	0	0	0	0	3	0	0	0	0	0	0	0	0	0	0	0	0	0	0	0	0	0	0	0	0	0	0	0	0	0	0	0	27	0	0	0	0	0	0	0	0	0	0	4	0	0	0	0	42	0	0	0	0	0	0	6	43	0	81	0	68	1
6	0	4	643	0	0	0	31	0	35	1	1	0	1	0	0	0	0	0	98	95	0	0	0	0	0	0	0	0	0	0	0	0	8	0	0	0	0	0	0	0	0	0	0	0	2	1	1	45	1	723	14	0	6	1	5	2	0	0	0	0	0	0	1	6964	0	4	0	0	0	0	3	2	0	13	3	4	200	2409	1	0	96	1	0	0	24	0	420	3	0	0	0	0	5	0	7	12	2	0	171	69	2	0	2	0	0	1930	0	1	5	0	5	0	0	101	0	0	0	1	127	2	3110	0	3	3	0	0	1690	0	50	2	5	13	0	14	0	5762	14	55	3	0	0	0	44	0	0	0	0	0	0	4	0	0	0	0	0	4	0	0	4	1	1	0	2	0	1	0	5	0	0	2	565	43	189	0	0	0	1	0	0	0	0	26	0	0	3	0	166	0	5	0	1	0	0	153	295	1	313	0	310	0
7	0	4	580	0	0	0	12	0	27	0	6	1	1	16	0	0	0	0	50	19	3	0	14	100	15	0	0	0	1	0	0	0	42	0	0	1	0	0	0	0	0	0	0	0	6	58	2	57	0	256	14	0	1	1	8	3	0	0	0	0	0	1	0	6504	0	0	0	0	0	0	0	0	0	67	0	18	48	751	1	0	105	31	0	1	0	0	78	0	0	2	0	0	29	0	0	5	0	0	0	103	1	0	10	1	0	1861	3	7	203	1	329	0	0	150	0	0	1	0	114	0	2859	2	2	3	0	0	2101	0	171	7	9	36	1	33	0	3791	26	59	5	0	0	0	41	0	1	0	0	0	0	0	0	0	0	0	0	3	0	0	0	1	0	0	1	0	11	0	0	0	0	1	205	10	98	0	0	0	0	0	6	0	0	61	6	0	1	0	245	0	6	0	0	0	0	0	161	0	252	2	246	1
8	0	35	2944	4	0	0	2	0	52	0	0	0	0	0	0	0	0	0	178	68	36	3	32	0	0	0	0	0	0	0	0	0	81	0	0	0	0	0	0	0	0	0	0	0	3	8	4	88	0	503	33	3	4	3	17	3	0	0	0	0	0	2	0	8324	1	3	0	1	2	0	0	0	0	0	0	13	126	2429	0	0	11	6	0	0	0	0	39	0	0	0	0	5	31	0	1	15	0	0	0	154	8	0	3	2	0	1653	1	22	155	0	109	0	0	123	3	1	0	0	156	0	3534	3	2	1	0	0	1591	0	143	7	7	18	0	29	1	3857	23	74	6	1	1	0	607	0	0	0	0	0	0	58	5	0	0	0	0	131	0	0	2	4	0	0	0	0	26	0	2	0	0	0	426	97	488	2	0	0	26	0	17	0	7	41	0	0	34	0	1889	0	7	4	0	0	0	167	49	4	847	0	422	0
9	0	1	266	0	0	0	5	0	118	0	1	0	0	8	0	2	0	0	230	40	3	3	20	740	55	5	0	1	13	0	0	0	167	0	0	0	0	0	0	0	134	505	39	0	3	4	1	69	0	125	42	0	2	1	23	0	0	7	9	13	0	5	0	3954	0	0	0	1	0	0	0	0	0	23	24	10	1	348	8	1	27	10	0	0	4	0	31	0	0	0	0	0	0	0	1	7	0	0	3	79	4	0	2	3	0	752	1	2	6	0	35	210	0	82	1	0	2	1	72	0	1497	5	5	3	0	0	826	0	33	28	11	8	2	20	0	1731	25	78	12	10	0	0	7	0	0	2	0	1	7	5	0	0	0	0	0	0	0	0	4	1	0	0	6	0	110	0	2	0	0	1	201	41	217	1	2	0	133	0	2	0	0	26	30	0	0	0	94	0	0	0	1	0	0	3	2	0	7	0	127	0
10	1	7	826	1	0	0	0	0	34	1	0	0	0	38	0	0	0	0	163	43	0	0	8	43	5	1	0	0	1	0	0	0	48	0	0	0	0	0	0	0	260	1650	33	0	3	4	0	111	0	205	77	1	2	1	27	3	0	3	3	7	1	6	0	6721	0	0	0	0	0	0	0	0	0	18	48	3	27	1212	0	0	99	14	0	1	3	0	162	0	0	0	0	0	0	0	3	14	0	0	3	54	1	0	0	2	0	452	0	0	1	0	97	567	0	23	0	1	0	0	60	0	2458	1	4	0	1	0	462	0	18	47	7	5	3	17	1	1001	10	72	7	4	0	0	260	0	0	0	1	0	65	1	0	0	0	0	0	36	0	0	2	0	0	0	0	0	3	0	1	0	0	0	315	22	113	0	0	0	185	0	0	0	0	4	26	2	0	0	301	0	10	0	2	0	0	2	151	2	235	0	310	1
11	0	7	856	2	12	0	103	0	10	1	10	0	0	18	20	59	7	7	222	69	0	8	23	2	0	0	0	0	0	0	0	0	183	0	0	0	0	0	0	0	0	3	0	1	11	17	3	61	1	241	45	0	0	1	24	3	0	0	0	0	0	1	0	6616	1	0	1	1	0	0	0	0	0	89	0	1	2	284	366	2	168	40	2	0	4	0	47	0	0	27	0	3	4	0	1	12	0	0	9	176	19	0	16	15	5	2657	10	50	71	0	462	3	0	154	2	0	0	0	80	0	2345	2	2	13	12	0	3556	3	242	7	19	63	4	54	1	5712	62	128	8	1	0	0	274	0	0	7	7	10	2	58	0	0	0	1	1	50	2	0	13	5	0	4	8	0	1	0	0	1	0	5	515	41	192	1	2	0	7	0	0	0	0	0	5	3	6	0	1131	0	45	1	14	11	0	10	38	10	448	0	487	1
12	0	1	32	0	0	0	4	0	41	1	0	0	0	2	0	6	0	0	38	9	0	0	6	0	0	0	0	0	0	0	0	1	179	0	0	0	0	0	0	0	0	0	0	0	9	16	0	98	21	292	47	2	5	3	25	3	0	2	0	0	3	4	0	7161	1	11	0	1	0	0	0	0	0	551	1	1	0	301	3090	19	1293	353	6	1	17	0	135	1	0	7	0	0	0	0	4	40	0	0	2	91	10	0	2	1	0	866	3	2	12	0	119	0	0	115	3	5	1	0	115	25	2218	3	1	1	0	0	886	0	51	10	10	19	1	33	0	1925	15	57	7	1	0	0	153	0	0	0	2	0	8	28	0	0	0	0	0	25	0	0	11	7	0	0	2	0	0	0	0	0	0	0	121	10	88	0	0	0	113	0	1	0	0	2	0	0	1	0	376	0	26	0	3	0	3	1	10	0	135	0	28	0
13	1	15	1112	1	0	0	12	0	27	0	0	0	1	0	0	0	0	0	103	15	8	12	4	0	0	0	0	17	100	0	11	1	1479	0	0	0	0	0	0	0	1	0	0	0	4	0	4	56	13	820	26	0	1	1	14	2	0	0	0	0	0	0	0	2686	2	2	2	0	0	0	0	0	0	0	0	2	16	560	6	0	1	0	0	0	0	0	143	0	0	0	0	0	40	0	0	13	2	0	25	95	5	0	1	1	0	850	1	0	8	0	81	0	0	69	1	1	0	3	65	42	1488	4	1	1	0	0	850	0	46	5	11	15	0	10	0	2364	22	56	4	0	0	0	138	0	0	20	0	0	0	95	1	0	0	0	0	27	0	0	2	0	0	0	3	0	15	0	1	1	0	1	193	2	29	0	0	0	44	0	0	1	0	18	12	0	24	2	2508	1	50	16	3	19	1	27	10	0	66	0	156	0
14	0	4	196	0	0	0	2	0	4	0	10	0	1	9	0	0	0	0	80	20	21	1	11	0	0	0	0	273	3	7	0	0	386	0	0	0	0	0	0	0	0	0	0	0	4	7	0	41	0	59	19	1	0	0	12	0	0	0	0	0	0	3	0	2812	0	0	1	1	1	1	0	0	0	4	37	2	12	736	0	0	64	5	0	0	3	0	221	0	0	0	0	6	4	0	2	4	0	0	0	60	4	0	1	1	0	1071	2	14	138	0	78	0	0	86	0	0	0	0	49	0	1199	3	0	5	0	0	1117	0	91	3	9	20	1	16	0	2477	13	54	1	0	0	0	12	0	0	0	0	0	0	2	1	0	0	0	0	1	0	0	4	2	0	0	4	0	4	0	0	1	0	0	344	13	140	1	0	0	0	0	0	2	0	46	13	1	0	0	427	0	45	0	10	1	0	18	0	0	64	0	273	0
15	0	1	177	0	0	0	2	1	161	0	1	0	0	0	0	0	0	0	49	8	19	0	3	1	0	0	0	1	1	0	0	0	82	0	0	0	0	0	0	0	0	0	0	10	0	0	0	74	11	315	24	1	1	1	17	1	0	0	0	0	0	3	2	4709	0	3	2	0	0	0	0	0	0	0	0	4	23	407	0	0	9	0	0	0	0	0	22	0	0	0	0	0	0	0	1	6	3	0	211	22	0	0	1	0	0	231	0	0	1	0	7	0	1	17	0	2	0	0	73	35	1734	4	3	0	9	0	180	4	7	5	4	1	0	1	0	433	6	28	0	0	0	0	17	0	0	0	0	0	0	2	0	0	0	0	0	5	0	0	0	0	0	0	0	0	25	0	0	0	0	1	255	3	39	0	0	0	0	0	0	0	0	5	0	0	2	0	68	0	2	0	0	4	0	2	17	1	119	0	26	0
16	1	5	698	2	0	0	9	1	91	0	2	0	1	2	0	0	0	0	34	6	14	0	8	0	0	0	0	0	4	0	0	0	31	0	0	0	0	0	0	0	0	0	0	0	2	1	1	42	117	865	21	0	1	1	1	1	2	0	0	0	0	0	1	2642	1	3	0	0	0	0	2	0	0	4	0	5	2	540	0	0	31	1	0	0	49	0	23	0	0	0	0	4	8	0	0	7	2	0	152	26	4	0	0	0	0	260	0	2	4	0	19	0	0	5	0	0	0	0	16	197	866	0	0	0	7	0	251	1	16	1	6	4	0	10	0	629	5	24	0	0	0	0	24	0	0	1	0	1	0	14	0	0	0	0	0	3	0	0	0	0	0	0	0	0	0	0	4	2	1	0	468	7	62	0	0	0	55	0	0	1	0	15	0	0	5	0	160	0	8	0	1	0	0	10	55	0	40	0	369	0
17	1	29	2202	5	0	0	4	0	61	0	83	0	0	0	0	1	3	0	165	23	10	6	13	2	0	731	76	3	0	0	0	0	109	0	0	0	0	0	0	0	2	7	0	0	2	0	1	142	0	197	48	1	1	0	15	5	0	1	0	0	3	6	4	9554	1	15	0	0	1	1	0	0	1	48	21	28	126	2144	4	0	123	30	0	0	11	0	565	5	0	0	0	0	0	0	3	13	2	0	114	41	2	0	2	0	0	416	2	1	4	0	69	0	0	27	1	8	1	0	67	0	3477	2	3	1	0	0	308	0	14	9	8	5	0	7	0	747	2	41	2	2	0	0	28	0	1	3	0	1	0	2	0	0	0	0	0	3	0	0	0	1	1	1	1	0	1	0	1	1	0	1	685	29	157	1	0	0	239	1	1	9	0	61	3	1	2	0	423	0	4	0	6	2	1	22	2	0	198	3	642	1
18	0	18	1206	0	0	0	154	0	1	0	1	0	0	1	0	0	0	0	117	15	0	1	21	4	0	0	0	0	0	0	0	0	3	0	0	8	0	0	0	0	1	9	0	0	12	9	4	189	0	3823	71	3	4	1	47	44	0	0	0	0	3	11	0	8903	11	10	1	0	1	0	0	0	0	13	0	18	109	1202	1	0	23	3	0	0	2	0	600	7	0	0	0	0	1	0	4	41	0	0	18	277	20	0	2	5	0	1157	1	14	2	0	408	2	0	134	0	6	5	2	259	0	4057	18	4	5	0	0	879	0	85	13	32	16	0	44	1	3105	31	158	15	1	0	0	1	0	0	0	0	0	0	0	0	0	0	0	0	0	0	0	14	3	1	0	6	0	9	0	1	0	0	2	272	9	55	0	0	0	2	0	0	0	0	4	3	0	3	0	338	0	2	2	1	0	15	12	149	3	176	0	170	0
19	0	3	726	4	0	0	254	0	66	2	5	0	0	1	0	0	0	0	89	16	0	2	7	110	7	0	0	0	2	0	0	0	127	0	0	0	0	0	0	0	0	1	0	1	3	4	1	32	0	63	20	0	1	3	9	0	0	0	0	0	0	1	0	3501	0	4	1	0	0	0	0	0	0	26	0	18	34	818	3	0	38	22	0	5	0	0	232	2	0	0	0	0	0	0	2	6	0	0	2	38	4	0	4	2	0	809	0	11	65	0	71	0	1	48	0	1	1	0	21	0	1196	1	3	2	6	0	870	2	58	1	3	16	0	13	0	1743	16	42	3	0	0	0	6	0	0	1	0	0	0	0	0	0	0	0	0	1	0	0	2	3	3	1	1	0	0	0	1	0	0	1	338	1	7	0	0	0	11	0	2	0	0	36	0	0	0	0	55	0	4	0	0	0	0	0	153	1	152	0	266	1
20	1	23	1698	7	0	0	4	0	28	0	0	0	0	0	0	0	0	0	138	24	0	0	25	857	60	0	0	1	31	0	0	0	710	0	0	0	0	0	0	0	0	0	0	151	10	16	3	108	0	125	41	2	1	0	30	4	0	2	0	0	0	5	0	7919	0	2	2	1	1	0	0	0	0	0	22	20	38	1140	0	0	65	0	0	2	0	0	11	0	0	0	0	7	50	0	0	13	0	0	0	161	12	0	3	13	0	1215	8	7	87	2	64	0	37	76	0	0	0	1	48	0	2914	3	3	2	278	2	2119	66	160	33	9	40	3	38	1	2960	42	106	2	2	0	0	85	0	0	0	0	0	0	1	0	0	0	0	1	5	0	0	3	1	0	0	1	0	0	0	2	0	0	2	262	9	42	1	0	0	25	0	0	0	0	0	0	1	11	0	688	1	42	0	12	0	0	3	0	0	106	0	272	0
21	0	6	414	2	0	0	0	0	18	0	33	0	0	0	0	0	0	0	27	4	0	0	5	0	0	0	0	0	0	0	0	0	7	0	0	0	0	0	0	0	1	8	0	42	0	13	1	100	0	162	37	5	7	5	31	1	0	72	34	72	0	7	0	7718	0	16	3	0	0	0	0	0	0	37	256	1	9	4647	10	0	416	17	0	2	0	0	5	0	0	0	13	0	0	0	2	60	1	0	0	111	3	0	8	11	0	645	2	6	42	0	189	10	12	79	1	4	0	2	109	1	2498	3	5	4	101	2	1281	16	53	17	12	63	3	93	2	479	4	13	1	0	1	0	148	0	0	36	0	0	30	66	3	0	0	0	0	9	0	0	5	7	0	0	0	0	10	0	0	0	1	1	245	11	25	1	0	0	17	0	0	2	0	8	3	0	3	0	322	0	13	0	0	0	1	8	21	0	50	0	243	0
22	0	3	159	3	0	0	2	0	22	0	234	0	0	0	0	0	0	0	192	43	0	0	19	0	0	0	0	0	0	0	0	0	1	0	0	0	0	0	0	0	4	65	2	56	1	28	0	121	0	215	62	2	0	1	39	1	0	0	4	3	0	6	0	8812	1	4	2	0	1	0	0	0	0	16	45	3	27	634	36	0	122	14	0	0	4	0	4	0	0	0	2	59	126	0	1	17	0	0	0	114	6	0	3	3	1	430	0	6	23	1	167	12	30	70	2	3	3	0	114	0	2831	2	8	2	100	3	750	28	62	18	8	22	2	44	0	1009	12	46	3	0	0	0	221	0	0	17	0	0	1	45	0	0	0	0	0	39	0	0	0	0	0	0	1	0	4	0	1	1	0	2	363	10	80	0	0	0	7	0	12	2	64	357	9	0	0	0	260	0	41	0	14	0	0	16	10	0	218	4	1484	0
23	0	8	1084	2	0	0	184	0	16	0	0	0	0	70	68	0	0	0	43	16	0	0	0	0	0	0	0	0	0	0	0	0	9	0	0	105	0	0	0	0	0	0	0	0	5	6	4	122	0	2126	20	1	3	3	14	7	0	90	72	163	0	1	0	4856	6	5	2	0	0	0	0	0	0	45	1	0	2	2292	8	0	113	34	0	2	0	0	76	1	0	0	31	0	77	0	2	81	0	0	1	194	7	0	4	1	1	949	3	5	65	0	120	0	0	53	1	0	1	3	156	1	2089	2	1	2	0	0	878	0	62	2	14	15	0	21	0	1804	12	72	2	2	0	0	485	0	0	21	0	0	3	59	4	0	0	0	0	62	0	0	4	5	0	0	0	0	0	1	3	1	0	4	849	27	63	0	0	0	6	1	12	1	0	39	25	2	9	1	914	0	73	4	7	1	22	1	113	1	417	0	13	0
24	0	9	803	2	0	0	96	0	15	0	0	0	0	1	0	0	0	0	56	11	0	0	5	0	0	0	0	0	0	0	0	0	3	0	0	0	0	0	0	0	0	0	0	0	1	0	1	89	0	888	35	2	2	2	17	3	0	1	1	1	0	0	0	4781	2	5	1	0	1	0	0	1	0	3	1	0	10	743	5	0	40	3	0	0	0	0	60	0	0	0	0	1	6	0	1	34	0	0	4	90	4	0	1	1	0	426	3	4	68	1	30	0	0	38	1	3	1	2	64	3	1849	2	3	2	0	0	402	0	31	5	9	17	0	26	2	890	9	53	0	0	0	0	214	0	0	3	1	0	10	30	0	0	0	0	0	35	0	0	1	0	0	0	0	0	0	0	0	3	0	2	691	28	148	0	0	0	103	0	4	0	0	17	0	1	1	0	533	0	39	0	7	0	0	28	75	4	385	0	216	0
25	0	2	300	0	0	0	10	0	476	0	63	0	0	0	0	0	0	0	230	38	15	10	2	0	0	8	1	114	0	9	0	0	132	0	0	5	0	0	0	0	0	1	0	0	0	2	0	79	14	567	26	0	1	2	10	1	0	0	0	0	1	1	0	6230	0	1	0	0	0	0	0	0	0	7	5	1	25	523	2	0	16	5	0	1	37	0	817	1	0	0	0	11	9	0	0	8	0	0	2	63	3	1	0	0	0	349	0	0	60	0	54	0	0	25	0	2	0	0	27	77	2032	0	3	1	0	0	381	0	13	3	7	13	2	8	0	929	3	47	0	0	0	1	269	0	0	38	0	19	5	51	2	0	0	0	0	53	0	0	0	0	0	1	2	0	39	0	5	0	1	1	412	24	156	1	0	0	9	0	0	57	0	352	12	0	3	0	345	0	11	3	3	0	0	65	23	1	289	0	284	1
26	0	0	86	0	0	0	9	0	26	0	85	0	0	0	0	0	0	0	114	8	2	0	0	0	0	35	3	40	1	6	0	0	36	0	0	4	0	0	0	0	0	0	0	0	4	1	1	16	0	32	10	0	0	1	4	0	0	0	0	0	0	1	0	1726	1	1	0	0	0	0	0	0	0	0	10	0	1	234	8	0	20	0	0	0	2	0	32	0	0	0	0	0	0	0	0	0	0	0	0	40	3	0	2	1	0	690	1	9	31	0	121	0	0	19	1	0	0	0	4	2	654	1	0	0	0	0	716	0	66	5	1	6	0	12	0	2010	23	49	2	0	2	0	427	0	0	0	0	0	0	2	0	0	0	1	0	50	1	0	4	2	0	0	4	0	1	0	1	0	0	0	60	3	38	0	0	0	0	0	0	0	0	10	27	0	0	0	231	0	36	0	5	0	2	36	27	1	93	0	51	0
27	0	2	341	1	0	0	0	0	48	0	0	0	0	0	0	0	0	0	85	21	2	4	2	2	0	2	0	0	20	0	0	0	241	0	0	0	0	0	0	0	0	0	0	0	1	0	0	95	0	170	39	3	0	2	24	2	0	0	0	0	0	7	0	8323	0	2	0	0	0	1	0	0	0	1	0	30	51	1301	1	0	5	0	0	3	0	0	83	0	0	0	0	1	1	0	1	12	1	0	30	41	2	0	0	0	0	217	0	0	2	0	30	0	0	11	0	0	0	0	37	0	2925	2	2	0	0	0	156	1	10	7	6	1	0	9	0	555	5	30	3	0	0	0	192	0	0	3	0	0	0	1	0	0	0	0	0	29	0	0	0	0	0	0	0	0	8	0	0	0	0	0	92	20	165	1	0	0	0	0	0	3	0	34	0	0	0	0	192	0	8	0	3	0	0	35	20	3	241	0	172	0
28	0	1	73	1	0	0	0	1	306	0	0	0	0	0	0	0	0	0	171	44	0	6	18	7	0	0	0	7	1	0	0	0	63	0	0	25	0	0	0	0	0	0	0	0	2	0	0	44	4	94	15	2	0	1	13	2	0	0	0	0	0	5	0	3406	0	3	0	0	0	0	0	0	0	1	1	7	56	609	1	0	4	0	0	0	0	0	6	0	0	0	0	0	2	0	0	3	3	0	148	33	4	0	1	2	0	506	1	2	1	0	10	0	0	20	0	0	0	0	16	0	1428	0	0	1	2	0	382	0	17	1	2	5	0	8	0	1387	17	32	3	0	2	0	301	0	1	8	0	0	0	23	3	0	0	0	1	57	0	0	1	0	0	0	1	0	1	0	2	2	0	0	235	4	70	1	0	0	8	0	0	0	0	12	56	0	1	0	411	0	15	5	4	0	0	20	6	0	428	0	19	1
29	0	10	344	5	0	0	5	0	50	0	1	0	0	0	0	0	0	0	106	1	18	0	15	1	0	0	0	0	0	0	0	0	147	0	0	0	0	0	0	0	0	0	0	3	9	9	1	149	0	204	52	8	4	3	39	1	0	0	0	0	2	5	4	9607	0	5	0	2	2	0	0	0	0	8	2	5	31	769	0	0	11	0	0	1	6	0	231	2	0	0	0	0	0	0	2	9	5	0	269	207	9	0	7	2	0	1229	1	14	11	1	322	0	1	195	5	1	0	2	188	0	3295	6	3	5	0	0	1194	0	88	10	15	28	1	48	0	3534	34	104	13	0	0	0	0	0	0	1	0	0	1	2	0	0	0	0	0	0	0	1	3	4	1	0	4	0	0	0	2	0	0	0	360	2	40	1	0	0	532	0	0	0	0	32	2	1	5	0	294	0	12	0	4	0	0	1	35	0	5	0	282	0
30	0	6	479	1	0	0	39	0	122	0	1	0	0	4	0	0	0	0	199	30	25	0	27	0	0	0	0	0	0	0	0	0	173	0	0	0	0	0	0	0	0	0	0	0	4	1	0	24	0	251	8	0	0	0	6	4	0	0	0	0	3	2	2	2655	0	2	1	0	1	0	0	1	0	8	3	4	73	1239	1	0	43	7	0	3	0	0	235	0	0	0	0	0	4	1	3	13	7	0	559	98	11	0	5	5	0	1010	2	12	4	0	271	0	0	35	0	2	0	2	28	0	921	2	4	4	1	0	1170	0	65	3	9	23	0	11	0	2646	23	55	3	1	0	0	19	0	0	1	0	0	0	3	0	0	0	0	0	2	0	3	3	1	2	3	6	0	0	0	4	0	0	2	542	16	146	0	0	0	1	0	0	0	0	23	2	0	0	0	132	1	4	0	7	12	0	104	35	2	271	0	133	0
31	0	4	234	0	0	0	48	0	34	0	0	0	0	0	0	0	0	0	84	31	8	0	1	0	0	0	0	0	0	0	0	0	0	0	0	0	0	0	0	0	0	0	0	0	18	8	0	75	0	126	31	2	0	1	15	1	0	0	0	0	1	11	0	6218	0	3	0	2	0	0	0	0	0	4	0	13	84	1451	0	0	11	2	0	1	30	0	64	0	0	0	0	3	17	0	4	13	0	54	1	134	10	1	8	3	3	1193	0	2	13	0	186	0	0	53	2	2	0	0	27	0	2088	0	5	1	0	0	1222	0	69	10	7	23	0	33	0	2886	23	80	5	1	0	0	101	0	0	9	0	0	0	12	0	0	0	0	0	9	0	0	10	5	1	0	4	0	276	0	0	0	0	0	171	11	100	1	0	0	0	0	30	0	0	156	0	0	1	0	98	0	1	0	0	0	0	0	21	0	107	0	202	2
32	0	7	516	0	0	0	9	0	44	0	0	0	0	131	0	0	0	0	100	32	0	0	20	0	0	0	0	2	0	0	0	0	20	0	0	0	0	0	0	0	0	0	0	0	1	4	0	20	2	970	10	0	0	0	2	5	0	0	0	0	0	0	0	1017	0	0	0	0	0	0	3	0	0	22	0	3	19	592	0	0	45	6	0	0	54	0	129	0	0	0	0	22	67	0	0	8	0	0	4	52	0	1	7	2	0	501	2	0	14	1	169	0	0	9	0	0	0	0	48	0	557	0	0	0	0	0	474	0	32	1	4	3	0	8	0	840	6	4	0	1	0	0	139	0	0	6	0	13	0	8	0	0	0	0	0	14	0	0	0	0	1	1	1	1	56	0	0	0	0	1	151	17	103	0	0	0	10	0	7	0	0	7	0	0	1	0	201	0	6	3	5	0	0	10	10	0	36	0	95	0
33	0	4	212	0	0	0	27	0	37	0	0	0	0	8	10	0	0	0	380	53	0	0	69	0	0	2	0	150	0	20	0	0	98	0	0	8	0	0	0	0	0	0	0	103	4	25	1	108	0	263	58	6	2	1	29	4	0	0	0	0	1	5	0	8585	0	5	1	0	1	0	0	0	0	95	13	2	12	620	1	0	289	71	0	0	20	0	571	5	0	0	0	58	189	0	0	7	0	0	10	137	10	0	5	2	1	1089	6	6	27	2	134	0	18	103	4	3	0	0	110	0	2862	5	3	5	192	4	1454	55	106	23	14	36	1	43	1	2241	26	87	3	0	1	0	375	1	1	6	0	0	4	13	0	0	0	0	0	67	0	0	1	3	7	0	8	0	4	2	1	0	1	6	697	71	386	6	1	0	10	3	46	0	0	159	21	0	1	1	682	0	41	0	13	0	0	5	785	9	533	0	355	0
34	0	5	584	1	0	0	4	0	5	0	0	0	1	5	13	0	0	0	187	39	0	0	49	0	0	0	0	1	2	1	0	0	9	0	0	2	0	0	0	2	0	0	0	0	3	7	0	92	0	184	47	1	3	1	25	0	0	0	0	0	0	4	0	7394	0	2	0	0	0	0	0	0	0	52	2	0	22	553	0	0	81	30	1	1	2	0	60	0	0	0	0	1	3	0	4	6	0	0	2	117	9	0	6	1	2	977	1	12	109	0	80	0	0	104	1	2	0	0	95	0	2457	2	1	5	0	0	943	1	89	4	3	30	3	29	0	2262	17	62	10	0	0	0	479	0	0	1	0	0	0	0	0	0	0	0	0	53	0	0	1	0	1	0	2	0	3	0	0	0	0	3	403	18	97	0	0	0	31	0	45	12	0	132	4	2	0	0	527	0	27	0	9	0	0	18	5	2	427	0	239	0
35	0	0	58	1	0	0	0	0	0	0	0	0	0	0	0	0	0	0	1	0	1	0	0	0	0	0	0	0	0	0	0	0	0	0	0	0	0	0	0	0	0	0	0	0	2	0	0	14	0	15	19	0	0	0	2	0	0	0	0	0	0	1	0	316	0	2	0	2	0	0	0	0	0	1	0	1	1	59	3	0	3	2	0	1	0	0	6	0	0	0	0	0	0	0	1	11	0	0	0	52	4	0	4	1	0	99	2	1	4	0	10	0	0	24	0	1	0	0	11	0	63	0	1	1	0	0	302	0	21	5	6	13	0	27	3	265	18	57	4	8	1	0	39	0	0	0	0	0	0	0	0	0	0	3	1	1	2	0	2	6	6	0	0	0	0	1	0	1	0	0	17	0	0	0	1	0	0	0	0	0	0	0	0	0	0	0	176	0	15	0	0	0	0	0	3	0	3	0	0	0
36	0	4	501	3	0	0	182	0	2	0	0	0	0	17	2	0	108	99	121	33	0	0	21	0	0	0	0	0	0	0	0	0	1	0	0	23	0	0	0	0	0	0	0	0	0	0	0	30	0	201	21	0	1	2	5	1	5	0	0	0	0	1	0	3617	0	2	1	0	0	0	0	0	0	126	0	6	31	1339	17	0	312	91	1	3	0	0	107	0	0	7	0	7	11	0	0	18	0	0	0	15	0	0	4	0	0	126	1	1	10	0	35	0	0	5	0	0	0	0	34	0	1413	1	0	0	1	0	108	0	5	0	1	1	0	4	0	250	1	5	1	0	3	0	1301	0	0	1	0	6	110	0	0	3	1	0	0	183	0	0	1	0	0	0	0	0	8	1	1	3	0	2	584	61	204	0	0	0	9	0	9	1	0	28	3	0	1	0	2278	0	305	1	47	0	0	6	134	1	228	0	40	0
37	0	15	706	1	0	0	0	0	98	30	0	0	0	1	0	0	0	0	94	19	0	4	3	0	0	0	0	2	0	0	0	0	6	0	0	0	0	0	0	0	0	0	0	0	0	1	0	200	9	404	38	3	1	2	24	2	0	0	0	0	0	7	0	11514	0	7	0	0	0	0	0	0	0	99	0	0	24	408	0	0	190	32	0	1	6	0	13	0	0	0	0	11	45	0	1	16	0	0	3	38	1	0	0	0	0	148	0	0	2	0	33	0	0	13	2	3	0	0	53	37	4500	5	8	0	0	0	166	0	4	13	6	5	0	5	0	333	4	24	2	0	0	0	184	0	0	6	0	5	0	5	0	0	0	0	0	43	0	0	0	1	0	0	0	0	3	1	0	0	0	1	208	21	44	0	0	0	5	2	0	31	0	395	16	1	3	0	340	0	16	0	5	0	74	0	11	3	92	0	78	0
38	0	4	181	0	0	0	0	0	7	0	4	0	0	0	0	0	0	0	73	3	0	0	5	1	0	0	0	76	0	1	0	0	38	0	0	0	0	0	0	0	0	0	0	0	0	0	0	79	0	252	32	0	1	4	29	0	0	0	0	0	0	0	2	6585	0	3	1	0	1	1	0	0	0	72	9	0	8	499	1	0	178	46	2	1	3	0	2	0	0	0	0	0	4	0	0	15	4	0	62	47	1	0	1	1	0	255	0	1	0	0	48	0	0	24	0	1	0	0	30	6	2307	2	2	1	0	0	270	0	10	5	5	6	0	9	0	668	0	27	5	0	0	0	125	0	0	0	2	0	3	5	0	0	0	0	0	11	0	0	0	0	0	0	1	0	34	0	2	0	0	1	184	1	43	0	0	0	0	0	0	4	0	64	9	0	2	0	249	0	36	1	1	0	0	0	0	0	5	0	152	0
39	0	1	129	0	0	0	28	3	52	0	0	0	0	0	0	0	0	0	41	14	3	0	4	1	0	0	0	9	2	0	0	0	1	0	0	10	0	0	0	0	0	0	0	0	0	0	2	95	0	932	22	1	1	5	26	19	0	0	0	0	0	3	5	4725	2	2	0	0	0	1	0	0	0	6	0	8	23	355	4	0	14	2	0	1	0	0	67	2	0	0	0	0	0	0	0	7	11	0	229	70	2	0	0	0	1	434	0	3	0	0	8	0	0	25	0	2	5	3	98	0	1953	2	3	2	0	0	262	0	15	5	10	4	0	6	0	1027	10	45	6	0	0	0	99	0	0	2	0	2	1	25	0	0	0	0	0	11	0	0	0	0	0	0	2	0	10	0	0	0	0	0	256	72	315	1	1	0	1	0	1	2	0	11	18	0	4	0	454	1	21	0	4	0	0	4	0	0	5	0	47	0
40	0	9	336	2	0	0	0	0	9	0	1	0	0	0	0	0	0	0	27	10	0	2	4	0	0	0	0	1	1	0	0	0	35	0	0	1	0	0	0	0	0	0	0	0	2	1	0	37	0	67	13	1	2	1	17	2	0	0	0	0	0	2	6	4131	0	2	0	1	0	0	0	0	0	26	2	3	9	502	37	0	113	22	0	0	1	0	1	0	0	0	0	0	0	0	0	8	13	0	412	44	4	0	0	0	0	339	0	4	8	0	145	0	0	41	1	0	0	0	43	0	1382	0	2	2	1	0	394	0	36	5	7	10	0	17	0	733	4	27	3	0	0	0	10	0	0	1	0	0	0	6	0	0	0	0	0	2	0	0	0	2	0	0	0	0	53	0	0	0	0	0	73	4	11	0	0	0	0	0	0	0	0	0	2	0	4	0	219	0	0	1	2	0	0	2	0	0	2	0	70	0
41	0	3	354	0	0	0	2	0	19	0	0	0	0	0	0	0	0	0	112	9	6	1	5	0	0	0	0	0	0	0	0	0	1	0	0	0	0	0	0	0	0	0	0	0	19	8	8	90	0	1532	41	3	0	1	23	15	0	0	0	0	0	3	0	5296	1	2	0	1	0	0	0	0	0	4	0	6	43	668	2	0	5	1	0	0	2	0	100	0	0	0	0	0	2	0	4	12	8	0	340	336	27	0	18	6	4	2740	3	87	35	1	375	0	0	117	3	0	1	0	102	0	1967	3	1	7	2	0	3139	0	306	7	24	42	4	36	1	7589	80	225	7	3	3	0	219	0	0	0	0	0	0	1	0	0	0	0	0	18	5	0	16	12	0	0	19	0	0	0	4	1	0	5	1177	36	235	0	0	0	0	0	0	2	0	11	11	0	1	0	252	0	25	0	3	0	0	87	80	4	717	0	167	0
42	0	2	165	0	0	0	7	0	8	0	0	0	0	0	0	0	0	0	49	12	0	1	4	0	0	0	0	1	1	0	0	0	15	0	0	2	0	0	0	0	0	0	0	7	7	85	1	18	0	177	17	0	1	1	5	1	0	0	0	0	0	0	0	2717	0	0	0	0	0	0	0	1	0	1	5	2	3	491	0	0	37	2	0	0	0	0	176	1	0	0	0	0	4	0	1	3	1	0	41	102	15	0	8	8	0	2043	3	40	41	0	313	0	84	78	0	0	0	0	11	0	1000	0	1	1	115	4	3613	73	271	11	7	38	1	31	1	4736	34	77	1	0	0	0	43	0	0	5	0	0	0	7	0	0	0	1	0	5	0	1	8	5	3	1	11	0	0	1	1	1	0	1	409	19	85	0	0	0	1	0	0	1	0	15	3	0	1	0	664	0	41	0	4	0	0	53	3	2	137	0	80	1
43	0	6	554	0	0	0	46	0	28	0	3	0	0	1	8	0	0	0	78	16	0	0	5	0	0	2	0	0	4	0	0	0	139	0	0	1	0	0	0	0	0	0	0	4	0	19	1	50	0	71	23	0	2	2	16	2	0	0	0	0	0	1	0	4628	0	1	0	0	0	1	0	1	0	6	2	4	20	1074	4	0	12	6	0	0	2	0	37	1	0	0	0	0	1	0	0	9	0	0	1	44	1	0	1	0	0	513	0	7	2	0	52	0	13	13	0	0	0	0	9	0	1592	0	0	0	26	1	612	25	22	9	7	8	0	6	0	1337	12	29	1	0	1	0	463	0	0	1	0	0	0	9	0	0	0	1	0	65	0	0	1	0	0	0	3	0	23	0	2	1	0	1	336	61	289	0	0	0	1	2	43	2	0	283	0	0	0	2	796	0	46	0	10	0	0	47	38	0	555	0	233	0
44	0	1	87	0	0	0	105	0	37	0	42	0	0	0	0	0	0	0	198	46	2	1	22	0	0	0	0	18	3	0	1	0	134	0	0	0	0	0	0	0	0	0	0	0	1	18	0	97	0	140	30	1	3	1	19	1	0	0	0	0	0	4	0	7812	0	6	0	0	0	0	0	0	0	54	0	5	81	1012	2	0	86	24	0	1	1	0	53	0	0	0	0	0	0	0	5	13	0	0	0	55	0	0	1	1	0	416	0	0	2	0	29	0	2	21	0	2	0	0	24	0	2439	3	8	0	11	0	341	2	14	3	10	13	0	10	0	1075	4	40	6	0	6	0	2177	0	0	0	0	0	16	5	0	0	0	2	5	214	0	0	0	0	0	0	1	1	164	1	4	2	1	3	1088	28	198	0	1	0	5	0	0	4	0	21	12	7	15	1	2894	1	38	2	3	0	0	28	113	3	426	0	171	2
45	0	0	95	0	0	0	222	0	16	0	2	0	0	0	0	0	0	0	196	45	9	0	29	212	0	0	0	1	0	0	0	0	21	0	0	0	0	0	0	0	0	0	0	0	17	22	1	157	0	275	79	3	4	5	52	2	0	0	0	0	0	7	0	12959	0	8	0	2	0	0	0	1	0	94	2	8	54	1199	1	0	461	66	0	0	8	0	2	0	0	0	0	13	34	0	3	29	0	0	0	283	27	1	8	6	5	3235	3	60	81	3	364	0	0	146	4	0	0	0	61	0	4321	4	3	0	0	0	3726	0	297	14	20	72	1	64	1	8388	87	209	10	1	1	0	497	0	0	4	0	3	0	3	0	0	0	1	0	65	1	0	20	13	0	0	13	1	147	0	1	1	0	1	614	20	115	0	0	0	29	0	0	1	0	16	0	1	0	0	639	0	29	0	7	0	0	2	1	3	507	0	81	0
46	0	2	283	0	0	0	5	0	11	0	0	0	0	0	0	0	0	0	70	15	3	0	9	163	0	0	0	11	0	5	0	0	4	0	0	7	0	0	0	0	0	0	0	0	8	10	1	53	1	73	21	0	0	0	11	1	0	0	1	0	0	0	0	4229	0	0	0	0	0	0	0	0	0	7	0	4	14	192	0	0	51	3	0	0	7	0	34	0	0	0	0	0	0	0	2	3	0	0	0	111	13	0	10	11	1	1942	4	15	14	1	106	0	0	117	0	0	0	0	47	0	1325	2	1	6	0	0	3262	0	166	7	9	74	0	63	0	2646	26	84	1	0	2	0	416	0	0	0	0	0	0	1	0	0	38	0	0	37	2	0	3	2	0	0	4	0	51	0	2	0	0	0	152	22	182	1	0	0	172	0	4	0	0	15	2	0	10	0	1236	0	21	2	0	0	0	4	1	2	211	0	164	0
47	0	1	96	0	0	0	236	1	12	0	0	0	0	0	0	2	0	0	17	2	0	0	0	0	0	0	0	1	0	0	0	0	0	0	0	0	0	0	0	10	0	0	0	0	0	2	1	78	0	228	32	0	0	4	24	1	0	0	0	0	1	1	0	7175	2	4	0	0	0	0	0	0	0	4	0	0	1	225	100	0	24	5	0	0	0	0	8	0	0	0	0	1	5	0	0	11	0	0	5	72	2	0	3	1	1	355	0	3	45	1	26	0	0	33	0	0	2	0	95	0	2302	3	3	0	0	0	301	0	33	3	7	10	0	22	0	464	3	29	1	1	0	0	30	0	0	3	0	0	0	16	0	0	0	0	0	7	0	0	0	0	0	0	0	1	56	0	0	0	0	0	75	5	25	0	0	0	10	0	2	3	0	38	2	0	0	0	228	0	13	0	0	0	0	2	16	1	64	0	45	0
48	0	0	303	0	0	0	83	0	7	0	0	0	0	0	0	0	0	0	46	8	10	0	0	0	0	0	0	0	0	0	0	0	1	0	0	2	0	1	0	13	0	0	0	0	2	5	1	29	0	377	13	1	0	1	6	4	0	6	14	12	0	1	0	2662	0	1	0	0	0	0	0	0	0	3	0	2	7	252	166	2	19	2	0	0	1	0	115	2	0	0	0	0	6	0	1	6	0	0	2	58	4	0	2	0	1	669	3	0	62	0	39	0	0	15	0	0	0	1	23	0	1010	0	0	0	0	0	778	0	117	6	5	8	0	9	0	1769	10	32	4	0	0	0	183	0	0	0	0	0	0	6	1	0	0	0	0	26	0	0	1	0	2	1	4	0	5	0	0	0	0	0	188	11	65	0	0	0	12	0	4	2	0	71	2	1	1	0	1120	0	13	4	2	0	0	2	19	2	169	0	243	0
49	0	11	2043	2	0	0	21	0	9	0	6	0	0	0	0	0	0	0	76	12	0	1	0	0	0	9	0	660	0	68	0	0	1826	0	0	90	0	0	0	0	0	0	0	0	6	9	0	12	0	28	7	0	1	2	5	0	0	0	0	3	0	0	0	1743	0	0	0	0	0	0	0	0	0	55	0	0	9	671	64	1	178	50	0	1	1	0	181	1	0	0	0	18	59	2	0	4	0	0	1	42	1	0	4	2	0	1050	3	2	12	1	193	0	6	11	0	0	0	0	4	0	747	0	0	1	2	0	1388	1	75	1	1	11	0	9	0	2290	12	15	2	0	8	0	2374	0	0	32	0	2	0	49	1	0	0	2	3	238	1	2	1	2	0	0	0	4	411	0	1	0	0	1	480	72	336	21	1	0	12	1	58	17	0	215	50	2	6	0	824	0	26	0	1	0	12	5	7	2	548	1	328	0
50	0	5	755	1	0	0	6	0	113	0	1	0	0	5	0	0	0	0	13	1	0	0	0	0	0	0	0	90	0	7	0	0	388	0	0	17	0	0	0	0	0	0	0	1	9	15	1	34	0	78	23	0	0	0	10	1	0	0	0	0	0	0	0	3832	0	0	0	0	0	2	0	0	0	50	1	3	17	1404	10	0	263	61	0	0	0	0	40	1	0	0	4	107	255	0	0	14	0	0	0	91	6	0	7	8	1	2198	3	7	20	2	315	0	7	41	0	0	0	0	5	0	1310	0	1	1	14	0	2855	13	120	4	3	24	0	18	0	5399	40	75	3	1	15	0	4728	2	0	14	0	0	0	34	0	0	0	9	3	486	8	0	12	9	0	0	2	1	312	0	0	1	0	1	965	47	214	7	2	0	3	1	19	6	0	57	39	0	0	0	977	0	56	0	5	0	11	9	14	1	240	4	270	0
51	0	11	969	1	0	0	4	1	24	0	0	0	0	2	0	0	0	0	38	7	0	0	0	0	0	0	0	30	0	4	0	0	130	0	0	4	0	0	0	0	0	0	0	8	0	33	1	45	0	106	20	2	1	0	16	1	0	0	0	1	0	1	0	4159	0	2	1	0	0	0	0	0	0	22	0	1	21	607	34	0	45	16	0	0	5	0	91	0	0	0	0	10	27	0	2	6	0	0	0	60	3	0	0	2	0	567	4	1	0	1	61	1	36	24	1	0	0	0	14	0	1478	0	5	0	41	1	746	22	47	6	8	13	0	11	2	1623	15	29	1	0	7	0	2715	0	0	5	0	0	0	3	1	0	0	5	3	238	0	0	2	1	0	0	0	1	156	0	1	2	0	0	585	18	155	1	1	0	0	0	4	6	0	49	12	0	5	1	821	0	48	0	1	0	2	14	101	5	227	0	158	1
52	0	3	367	0	0	0	2	0	23	0	0	0	0	0	0	0	0	2	43	13	0	1	2	0	0	3	0	27	0	5	0	0	43	0	0	10	0	0	0	0	0	0	0	17	1	91	0	64	0	103	8	0	0	0	10	1	0	0	0	0	0	2	0	4460	1	0	0	0	0	0	0	0	0	15	1	2	23	583	34	0	25	10	1	0	0	0	50	0	0	0	1	7	14	0	0	7	0	0	0	60	3	0	3	2	1	687	2	4	2	0	19	0	72	20	0	0	0	0	12	0	1819	2	4	1	121	1	940	56	50	6	2	10	1	13	0	1944	13	31	1	1	0	0	997	0	0	2	0	0	2	0	0	0	0	2	0	130	1	0	4	0	0	0	2	1	31	0	0	0	0	1	211	17	76	0	0	0	2	0	0	11	0	128	6	1	6	1	963	0	19	0	4	0	2	2	4	0	318	0	90	0
53	0	2	636	0	0	0	15	0	11	0	0	0	0	1	0	0	0	0	38	5	0	0	1	0	0	0	0	8	0	2	0	0	63	0	0	8	0	0	0	0	0	2	0	2	0	17	0	136	0	104	18	2	2	1	17	0	0	0	0	0	0	0	0	8960	0	1	1	0	1	0	0	0	0	4	0	3	41	480	108	1	37	4	0	0	0	0	77	0	0	0	1	2	7	0	0	7	0	0	0	25	3	0	0	0	0	187	0	0	22	0	11	1	9	9	0	0	0	0	33	0	3230	0	6	0	17	0	234	14	9	2	1	5	0	4	0	439	1	12	0	0	0	0	446	0	0	4	0	0	2	6	0	0	0	0	0	94	0	0	0	0	0	0	0	0	22	0	5	0	0	0	678	28	97	1	0	0	8	0	0	10	0	119	29	1	0	0	427	0	52	0	6	0	14	82	8	1	416	0	199	0
54	0	1	156	0	0	0	5	0	3	1	1	0	0	1	0	0	0	0	40	6	1	1	0	0	0	0	0	11	0	3	0	0	36	0	0	2	0	0	0	0	0	20	0	0	1	6	0	22	0	21	1	1	1	0	2	0	1	0	1	2	0	0	0	1475	0	0	0	0	0	0	0	0	0	5	13	8	21	891	21	0	55	1	0	1	1	0	35	0	0	0	2	0	9	0	4	4	0	0	0	19	1	0	0	0	0	257	0	0	12	0	11	4	4	7	0	0	0	0	9	0	746	0	1	0	5	1	244	0	18	0	0	5	0	3	0	625	3	4	0	0	0	0	239	0	0	4	0	0	0	5	0	0	0	0	0	28	1	0	1	1	0	0	0	0	8	0	1	0	0	0	236	16	65	0	0	0	1	0	2	0	0	23	11	0	0	0	230	0	24	0	1	0	1	5	1	0	143	3	126	0
55	0	1	114	0	0	0	2	0	0	0	0	0	0	0	0	0	0	0	30	9	5	0	3	0	0	0	0	7	0	0	0	0	29	0	0	0	0	0	0	0	0	2	0	0	0	0	0	10	0	9	2	0	0	0	0	1	0	0	0	0	0	0	0	1420	0	1	0	0	0	0	0	2	0	2	4	42	293	4331	9	1	18	3	0	0	0	0	72	0	0	0	0	1	3	2	0	2	0	0	0	1	0	0	1	0	0	60	0	0	2	0	10	0	0	0	0	0	0	0	4	0	480	0	0	0	1	0	49	1	2	0	0	4	0	2	0	141	1	3	0	0	3	0	94	0	0	1	0	0	0	7	0	0	0	0	0	12	0	0	0	0	0	0	1	0	3	0	0	0	0	2	371	10	40	0	0	0	4	0	3	0	0	26	3	0	1	0	369	0	17	0	3	0	0	3	0	0	309	0	121	0
56	0	2	177	0	0	0	0	0	5	0	0	0	0	1	0	0	0	0	35	7	0	0	2	0	0	0	0	0	0	0	0	0	1	0	0	0	0	0	0	0	0	2	0	0	2	0	0	27	0	26	10	0	1	2	3	0	0	0	0	0	0	1	0	2045	0	1	0	0	0	0	0	0	0	10	2	3	26	789	7	0	45	5	0	0	0	0	18	0	0	0	0	0	1	0	0	8	0	0	0	12	0	0	1	0	0	168	0	0	3	0	32	1	0	15	0	0	0	0	16	0	775	0	0	0	1	0	148	0	6	1	0	2	0	5	0	333	0	6	1	0	0	0	289	0	0	7	0	2	0	7	1	0	0	0	0	29	0	0	0	0	0	0	0	0	0	1	1	1	0	1	878	14	85	0	1	0	15	0	0	0	0	4	0	1	0	0	479	0	20	0	4	0	0	46	2	1	148	0	54	0
57	0	5	766	0	0	0	37	0	10	0	1	0	0	0	0	0	0	0	62	19	0	0	3	0	0	2	0	76	0	9	0	0	222	0	0	10	0	0	0	0	0	0	0	0	3	4	0	39	0	94	18	0	2	0	9	3	0	0	0	0	0	0	0	2923	0	0	0	0	0	0	0	0	0	36	0	1	25	569	285	1	91	25	0	0	8	0	57	0	0	0	0	3	26	0	0	0	0	0	0	29	2	0	1	1	1	396	1	6	28	0	43	0	0	8	0	0	0	0	9	0	974	0	0	0	2	0	515	1	18	4	3	8	0	5	0	729	4	13	0	0	0	0	473	0	0	20	0	23	7	41	1	0	0	0	0	39	1	0	0	0	0	0	1	0	62	1	1	0	0	2	413	11	63	0	0	0	8	0	14	4	0	148	4	0	0	0	308	0	17	0	0	0	3	19	74	2	620	0	154	0
58	0	0	75	0	0	0	17	0	5	0	0	0	0	0	0	0	7	5	54	22	2	0	10	0	0	0	0	11	0	2	0	0	36	0	0	3	0	0	0	0	0	0	0	0	0	2	0	3	0	10	3	0	1	0	0	0	0	0	0	0	0	1	0	1197	0	0	0	0	1	0	5	0	0	4	0	0	10	560	7	0	109	10	0	0	71	0	4	0	0	0	1	8	13	0	0	3	0	0	0	16	0	0	2	1	0	548	2	6	12	0	70	0	1	4	0	0	0	0	2	0	510	0	0	1	3	0	850	3	39	0	1	7	0	12	0	916	1	4	0	0	2	0	276	0	0	0	0	1	0	1	0	0	0	1	0	35	0	0	1	2	0	0	1	0	24	0	0	0	0	0	286	4	32	0	0	0	1	1	14	3	0	159	1	0	1	0	441	0	20	0	1	0	3	4	22	0	111	0	338	0
59	0	2	64	0	0	0	184	0	12	0	3	0	0	0	0	0	0	0	68	9	0	4	7	0	0	0	0	1	0	0	0	0	168	0	0	13	0	0	0	0	0	0	0	0	2	2	3	48	0	93	15	0	0	1	9	1	0	0	0	0	0	0	0	4553	1	2	0	0	1	0	0	0	0	2	0	3	16	714	17	0	4	2	0	0	0	0	48	0	0	0	0	2	34	0	1	14	0	0	0	52	0	0	1	1	1	592	5	5	13	0	31	0	1	31	1	0	0	0	14	0	1557	0	4	1	0	0	637	0	51	7	10	9	0	14	0	1605	14	50	2	0	4	0	1708	0	0	0	0	0	0	0	0	0	0	0	1	137	4	0	3	2	0	0	1	0	0	0	3	0	0	1	316	14	43	0	0	0	15	0	7	1	0	93	0	0	1	0	482	0	12	0	1	0	0	27	1	0	343	0	61	0
60	0	9	505	0	0	0	52	0	0	1	0	0	0	18	0	0	0	0	32	2	0	0	3	0	0	0	0	1	0	1	0	0	4	0	0	1	0	0	0	0	0	0	0	0	0	2	0	39	0	104	20	0	0	0	2	3	0	0	0	0	0	0	0	3568	0	2	0	0	0	0	0	0	0	1	0	0	10	134	64	1	7	0	0	0	0	18	11	0	0	0	0	3	49	0	0	2	2	0	8	28	3	0	1	0	0	270	2	1	17	0	52	0	3	16	1	0	0	0	29	0	1146	0	2	0	3	0	395	0	21	2	3	9	2	14	0	314	4	12	0	0	0	0	58	0	0	2	0	0	0	5	0	0	1	0	0	9	0	1	0	2	0	0	0	0	0	0	1	0	0	1	90	5	12	0	0	0	0	0	35	3	0	214	0	2	0	0	367	0	21	0	0	0	0	0	67	0	45	0	16	0
61	0	0	8	0	0	0	80	0	55	0	1	0	0	44	0	0	20	16	81	23	0	0	1	0	0	1	0	25	0	0	2	0	20	0	0	8	0	5	0	0	13	64	0	0	0	2	0	33	0	56	15	0	1	4	1	0	0	0	0	0	0	0	0	4797	0	1	0	0	0	0	0	0	0	180	0	0	0	704	554	1	416	108	0	0	0	0	226	0	1	5	369	114	239	0	0	22	0	0	0	0	0	0	0	0	0	17	0	0	0	0	2	21	0	0	0	1	0	0	11	0	1647	1	1	0	0	0	9	0	0	1	0	0	0	1	0	19	0	1	0	0	1	1	2128	0	0	5	0	0	0	17	2	80	0	0	0	207	0	0	0	0	0	0	0	0	3	0	8	0	0	1	543	30	198	1	0	0	84	1	42	0	0	145	183	5	4	2	2372	1	58	2	4	0	68	0	0	0	24	41	550	0
62	0	0	0	0	0	0	0	0	0	0	0	0	0	0	0	0	0	0	0	0	0	0	0	0	0	0	0	0	0	0	0	0	0	0	0	0	0	0	0	0	0	3	48	0	4	1	0	13	0	14	2	0	0	0	5	0	0	0	0	0	0	3	0	206	0	2	0	0	0	0	0	0	0	3	0	0	0	31	3	8	9	5	0	0	0	0	7	0	0	0	0	0	1	0	0	14	0	0	0	41	2	0	2	0	0	34	0	0	1	0	1	0	0	22	0	1	0	0	9	0	42	0	1	0	0	0	75	0	14	18	1	4	0	4	0	101	1	15	1	0	0	0	15	0	0	0	0	0	0	0	0	0	0	1	1	0	1	0	1	0	5	0	0	0	0	2	0	0	0	0	10	0	0	0	0	0	0	0	0	0	0	0	0	1	0	0	105	0	26	0	0	0	0	0	0	0	3	0	0	0
63	0	1	206	0	0	0	9	0	13	17	0	0	0	0	0	0	3	0	54	14	0	0	10	0	0	0	0	1	0	0	0	0	256	0	0	0	0	0	0	0	0	1	1	0	0	0	0	56	0	41	7	3	3	0	7	0	0	0	0	0	0	1	0	3165	0	3	0	0	0	0	0	0	0	55	0	2	6	536	184	1	196	56	0	1	2	0	85	2	0	0	8	0	6	0	0	6	0	0	0	5	0	0	0	0	0	29	0	0	0	0	6	2	0	1	0	0	1	0	24	0	1061	0	1	0	0	0	22	0	1	0	2	1	0	0	0	65	0	2	1	0	12	0	3109	15	0	3	0	0	0	1	0	0	0	0	0	352	0	0	0	0	0	0	0	0	0	0	0	2	0	1	353	74	348	0	0	0	8	1	0	9	0	65	12	0	0	0	653	0	76	0	23	0	1	9	0	0	3	0	293	0
64	0	0	46	0	0	0	0	0	15	5	0	0	0	9	0	0	0	0	23	5	12	0	0	0	0	0	0	0	0	0	0	0	0	0	0	0	0	0	0	0	0	0	0	0	2	1	0	2	0	131	2	1	0	0	1	0	0	0	0	0	0	0	0	551	0	0	0	0	0	0	0	0	0	57	1	3	16	223	269	0	174	36	1	0	10	0	5	0	2	0	7	0	0	0	0	7	0	0	0	4	0	0	0	0	0	217	0	1	0	0	22	0	0	4	0	1	1	0	11	0	260	1	0	0	0	0	160	0	12	0	2	0	0	3	0	414	0	4	0	0	0	0	74	0	0	3	0	0	0	8	0	0	17	0	0	16	0	0	1	1	0	0	0	0	0	0	0	0	0	1	113	15	59	0	0	0	0	0	0	4	0	50	5	0	3	1	1050	0	210	0	21	0	0	4	0	0	6	0	53	0
65	5	32	2087	3	0	0	18	0	117	0	0	0	0	0	0	0	0	0	77	4	0	1	8	0	0	0	0	11	0	1	2	0	37	0	0	4	0	0	0	0	0	0	0	0	2	3	0	23	0	31	19	2	0	0	0	0	1	0	0	0	1	0	0	2391	0	2	0	0	0	4	0	0	1	313	0	2	2	1099	81	1	1024	193	0	1	0	2	250	1	0	0	0	2	41	2	1	23	0	0	1	32	3	0	1	1	1	625	0	4	13	1	27	0	0	18	0	1	0	0	12	0	893	0	2	0	0	0	616	0	35	3	5	9	0	11	0	1158	6	15	1	1	2	0	971	0	0	5	0	1	0	12	0	0	2	1	1	160	0	2	0	2	0	2	0	0	2	0	4	1	1	4	649	63	204	1	0	0	0	0	3	1	0	118	58	0	2	1	922	0	41	2	2	0	43	30	7	0	62	0	521	0
66	0	16	2127	4	0	0	1	0	20	0	1	0	0	0	0	10	201	180	125	15	0	5	5	0	0	0	0	3	0	0	0	0	68	0	0	1	0	0	0	11	0	0	0	0	4	0	1	64	18	194	41	1	7	0	9	1	1	0	0	0	0	4	0	5864	0	3	0	0	0	1	0	0	0	65	0	6	17	752	60	1	197	81	2	1	0	0	157	0	0	0	0	0	11	0	0	13	0	0	2	55	0	0	0	0	0	786	1	2	1	0	25	0	0	46	0	0	0	0	21	8	2289	0	1	2	0	0	529	0	31	1	7	7	1	14	0	1751	15	41	2	0	0	1	1093	0	0	37	16	0	0	65	0	0	1	0	0	204	0	0	0	1	0	0	0	6	254	0	1	5	0	2	1006	18	95	0	1	0	1	1	45	10	0	146	99	5	6	0	1982	0	79	9	41	0	0	1	1	0	5	0	580	0
67	0	2	218	0	0	0	1	0	9	0	0	0	0	0	0	0	0	0	87	20	3	0	0	0	0	0	0	1	13	1	0	0	106	0	0	0	0	0	0	0	0	0	0	0	0	0	0	55	0	73	19	0	0	0	2	0	0	0	0	0	0	0	0	4107	0	0	0	0	0	0	0	0	0	7	0	0	5	228	88	0	17	0	1	0	0	0	1	0	0	0	4	0	0	0	0	2	0	0	0	4	0	0	0	0	0	61	0	0	0	0	8	0	0	3	0	0	0	0	23	0	1998	1	3	0	2	0	24	2	1	0	0	0	0	2	0	66	0	1	0	0	1	0	2121	0	0	4	1	0	0	11	0	0	0	1	3	196	0	0	0	0	0	0	0	0	6	1	2	6	0	5	1244	39	191	2	2	0	14	0	0	0	0	3	90	1	0	0	2534	0	157	0	79	0	0	16	0	0	3	0	1714	3
68	0	4	256	0	0	0	0	0	0	20	0	0	0	0	0	0	0	0	2	0	1	0	0	0	0	0	0	0	10	0	0	0	23	0	0	0	0	0	0	0	0	0	0	107	0	0	0	12	0	29	10	1	0	0	5	0	0	0	0	0	0	0	0	2020	0	0	0	0	0	0	0	0	0	6	0	3	0	51	17	0	23	2	0	0	0	56	1	0	0	7	0	0	0	0	0	4	0	0	0	10	0	0	0	0	0	3	1	0	0	0	5	0	30	10	0	0	0	0	16	0	666	0	0	0	229	10	562	54	2	3	4	6	0	9	0	17	1	0	0	0	4	0	2601	0	0	0	0	0	0	5	0	0	0	1	1	284	0	0	0	0	0	0	0	0	1	0	2	0	0	0	107	9	61	0	0	0	11	0	0	0	0	1	7	0	2	0	1383	0	51	3	24	0	1	1	0	0	5	0	400	0
69	0	2	663	1	0	0	64	0	99	0	4	0	0	0	0	0	0	0	111	35	38	1	6	3	0	1	0	0	0	0	0	0	3	0	0	0	0	0	0	0	0	8	0	0	0	0	0	28	0	39	16	3	1	0	4	1	0	0	0	0	0	2	0	3983	0	0	0	0	0	0	0	0	0	135	1	6	38	927	139	2	449	126	2	0	2	0	0	0	0	0	8	1	1	0	0	14	0	0	0	2	0	0	0	0	0	5	0	0	1	0	0	9	0	1	0	2	0	0	35	0	1349	0	1	1	0	0	6	1	0	2	0	0	0	0	0	10	0	0	0	0	19	2	4487	0	0	7	0	0	0	17	1	0	0	0	0	525	0	0	0	0	0	0	0	0	0	1	8	9	0	9	1452	44	157	0	0	0	71	3	167	0	0	658	60	5	4	3	3453	5	163	9	64	16	0	12	0	2	726	0	974	0
70	0	3	217	0	0	0	19	0	54	0	0	0	0	0	0	0	5	2	35	3	0	0	5	3	0	0	0	1	0	0	0	0	19	0	0	0	0	0	0	0	0	1	0	0	3	12	0	10	0	22	9	0	1	0	4	0	0	0	0	0	0	0	0	2085	0	2	0	0	0	0	0	2	0	25	28	3	38	645	18	1	38	7	0	0	0	0	59	0	0	0	36	0	0	0	1	5	0	0	0	28	2	0	1	1	0	492	3	6	42	0	102	1	0	19	0	0	0	0	18	0	734	0	0	0	0	0	373	0	33	2	1	10	1	3	0	904	1	15	1	0	0	0	321	0	0	6	0	26	0	31	0	0	0	0	0	48	1	0	1	2	0	0	1	0	0	0	2	0	0	0	669	8	39	0	0	0	0	0	0	6	0	11	2	0	7	0	1608	0	11	21	12	0	1	0	0	0	7	0	774	1
71	0	4	196	2	0	0	1	0	14	0	0	0	0	0	0	0	12	10	140	14	36	1	20	0	0	0	0	0	0	0	0	0	0	0	0	0	0	0	0	0	0	3	0	0	3	0	1	46	0	127	22	0	1	1	16	1	0	3	1	4	0	4	0	4572	0	2	3	0	0	0	0	0	0	18	0	1	14	1094	362	2	82	14	0	1	0	0	24	0	0	0	5	0	2	0	2	8	0	0	0	60	2	0	0	1	0	776	0	1	0	2	46	0	0	33	0	0	0	0	34	0	1544	2	2	1	0	0	742	1	122	8	1	11	0	5	0	1900	23	35	3	1	0	0	110	0	0	0	0	0	0	0	0	0	0	0	0	20	1	0	2	4	0	0	1	0	0	0	0	2	0	4	890	31	232	0	0	0	11	0	12	3	0	61	0	2	1	0	667	0	16	2	6	0	0	0	0	0	0	0	743	0
72	0	4	308	0	0	0	39	0	44	0	0	0	0	18	0	5	0	0	185	58	22	8	17	1	0	0	0	0	0	0	0	0	203	0	0	2	0	0	0	0	0	0	0	12	2	70	0	76	0	166	43	2	2	3	25	5	0	0	0	0	0	4	0	7763	0	6	0	0	0	0	0	2	0	100	0	3	37	984	57	1	251	58	2	0	3	0	22	0	0	0	0	3	28	0	1	18	0	0	0	155	17	0	4	4	2	1031	4	11	61	0	96	0	98	68	0	1	0	0	45	0	2564	1	0	1	138	8	1649	79	167	28	15	28	2	34	1	2582	28	88	8	1	0	0	274	0	0	0	0	0	0	0	0	0	0	0	0	45	0	0	1	2	0	0	9	0	0	0	2	2	0	2	717	70	313	0	0	12	0	0	30	0	0	195	2	0	1	0	1244	0	96	1	6	5	7	81	4	2	257	0	144	1
97	0	1	43	0	0	0	7	0	6	2	1	0	0	7	0	0	0	0	12	0	1	0	3	8	0	0	0	12	0	1	0	0	2744	0	0	1	0	0	0	0	17	33	4	0	0	2	0	6	0	10	1	0	0	0	1	0	0	0	2	2	0	0	0	257	0	0	0	0	0	0	0	0	0	4	0	0	1	38	1	0	26	5	0	0	3	0	303	1	0	0	0	10	35	0	1	0	0	0	3	11	0	0	0	0	0	270	2	2	4	1	33	13	0	7	0	0	0	0	1	0	138	0	0	1	0	0	247	0	28	1	0	1	0	2	0	575	1	6	0	1	0	0	8	0	0	1	0	5	3	7	0	0	0	0	0	0	0	1	0	0	2	0	1	0	4	0	0	0	0	0	1	5	5	0	0	0	39	0	3	0	0	10	0	1	0	0	43	0	8	0	0	1	0	0	0	0	14	0	38	0
98	0	3	107	1	3	0	51	0	32	0	26	0	0	18	0	0	0	0	31	9	3	1	0	4	0	11	0	2	0	1	0	0	418	2	0	16	0	14	8	0	2	3	0	0	1	2	0	6	1	84	1	0	0	0	1	1	0	0	0	0	0	0	0	357	0	0	0	0	0	0	0	0	1	31	3	2	22	252	4	0	44	23	0	0	0	0	380	3	0	0	1	78	728	1	0	3	1	0	17	11	1	0	0	1	0	172	1	2	14	0	15	1	0	16	0	0	0	0	21	1	294	0	0	0	0	0	193	0	18	1	1	1	0	1	0	394	1	12	1	1	0	0	51	0	0	24	0	0	5	13	0	0	0	0	0	5	0	0	2	0	0	0	1	0	8	0	0	0	0	0	5	1	17	0	0	0	11	0	0	0	0	7	3	0	5	0	60	0	6	0	0	14	0	1	0	0	46	0	20	0
99	0	2	94	0	3	0	7	1	3	0	104	0	0	1	0	0	0	0	14	9	8	0	0	0	0	2	1	1	0	0	0	0	180	0	0	3	0	2	0	0	1	0	0	0	0	0	2	15	2	35	3	0	0	0	3	0	0	0	0	0	0	2	2	657	0	1	0	0	0	2	0	0	0	19	1	8	11	182	0	0	18	11	0	0	2	0	96	0	0	0	2	12	85	0	1	5	4	0	53	33	0	0	0	1	0	167	0	3	1	0	18	1	0	31	0	0	0	0	17	5	449	0	0	0	0	0	146	0	21	0	3	3	0	6	0	484	1	13	0	0	0	0	5	0	0	5	0	3	1	10	0	0	0	0	0	0	0	0	0	2	0	0	1	0	2	0	0	0	0	0	3	4	13	0	0	0	6	0	0	0	0	3	1	0	0	0	16	0	0	0	0	6	4	0	0	0	24	0	23	0
100	0	1	61	0	0	0	2	0	5	0	19	0	0	4	0	1	0	0	20	5	0	1	0	0	0	0	0	2	5	1	0	0	109	0	0	4	0	0	0	0	0	1	0	0	0	1	0	14	1	26	5	0	0	0	4	0	0	0	0	0	0	0	0	727	0	0	0	1	0	0	0	0	1	2	9	2	8	218	2	0	28	2	0	0	1	0	79	1	0	0	0	13	45	1	1	2	0	0	3	27	0	0	0	0	0	230	0	1	0	0	24	0	0	24	0	1	0	0	24	0	392	0	0	1	0	0	162	0	13	0	0	0	0	5	0	519	5	15	0	0	0	0	2	0	0	2	0	0	0	2	0	0	0	0	0	0	0	0	1	1	1	0	2	0	2	0	0	0	0	0	2	1	6	0	0	0	2	0	0	0	0	0	0	0	2	0	11	0	0	0	0	1	0	3	0	0	15	0	35	0
101	0	1	112	0	0	0	22	0	3	0	3	0	0	2	0	0	0	0	21	8	4	0	1	0	0	0	0	2	11	0	0	0	241	0	0	3	0	1	0	0	0	0	0	0	0	11	0	19	0	50	2	0	0	1	1	0	2	0	0	0	0	0	0	868	0	2	0	1	0	0	0	0	0	5	1	2	8	150	3	0	19	9	0	0	8	0	189	1	0	0	0	1	26	0	0	1	0	0	9	36	4	0	0	2	0	469	2	3	3	0	111	0	0	48	0	0	0	0	25	0	508	0	2	0	0	0	434	0	72	1	6	4	0	11	0	1014	10	28	1	0	0	0	2	0	0	1	0	0	0	1	0	0	0	0	0	0	0	0	0	1	3	0	4	0	3	0	0	0	0	0	5	11	18	0	0	0	0	0	0	0	0	1	0	0	1	0	66	0	1	0	0	1	0	1	0	0	3	0	18	0
102	0	1	21	0	0	0	4	0	5	0	8	0	0	2	0	1	0	0	8	3	1	0	3	1	0	0	0	7	3	0	0	0	100	0	0	2	0	1	1	0	0	0	0	0	2	5	4	18	0	120	2	0	0	0	7	1	0	0	0	0	1	1	0	629	0	1	0	0	0	0	0	0	0	5	2	6	24	228	0	0	11	10	0	0	4	0	120	2	0	1	0	3	24	0	0	7	0	0	3	50	2	0	0	1	1	378	2	3	4	0	41	0	0	55	0	0	0	0	47	2	542	2	0	0	0	0	399	0	50	1	2	4	0	3	0	813	10	26	1	0	0	0	1	0	0	3	0	0	0	3	0	0	0	0	0	0	0	0	2	0	3	0	1	0	11	0	0	0	0	0	3	9	41	0	0	0	13	0	1	0	0	4	0	0	1	0	21	0	1	0	0	3	0	0	1	0	4	0	9	0
103	0	0	72	0	0	0	8	0	8	0	4	0	0	3	0	1	0	0	30	5	5	0	1	101	3	1	0	1	0	0	0	0	83	0	0	2	0	0	0	0	0	0	0	12	1	7	0	24	0	90	4	0	0	1	6	1	0	0	0	0	0	2	0	1045	1	2	0	0	0	0	0	0	0	6	0	4	2	163	0	0	5	0	0	0	1	0	64	0	0	0	0	30	56	0	1	12	0	0	0	38	0	2	0	1	2	249	0	1	27	0	16	0	0	45	0	0	0	1	71	0	587	0	1	0	18	1	293	11	32	1	8	10	0	8	1	504	8	22	0	0	0	0	17	0	0	27	0	3	0	25	0	0	0	0	0	1	0	0	0	0	0	1	0	0	6	0	0	0	0	0	6	3	28	0	0	0	11	0	0	1	0	6	0	0	1	0	41	0	3	0	0	4	3	2	0	0	22	0	56	0
104	0	0	30	1	0	0	5	0	5	0	0	0	0	7	0	0	0	0	23	17	4	1	2	91	9	0	0	0	3	0	0	0	142	0	0	0	0	0	0	0	0	1	0	1	1	3	1	12	0	21	0	0	0	1	1	0	2	0	0	0	0	0	0	308	0	0	0	0	1	0	0	0	0	3	1	1	4	83	0	0	6	0	0	0	1	0	139	0	0	0	0	1	31	0	0	2	0	0	1	21	3	0	0	0	1	324	1	2	15	1	20	0	0	24	0	0	0	0	10	0	260	0	0	0	4	0	297	1	50	0	0	9	0	9	0	627	7	13	0	1	0	0	3	0	0	8	0	0	0	19	0	0	0	0	0	0	0	1	1	1	4	0	1	0	1	0	0	0	0	0	1	0	17	0	0	1	17	0	4	0	0	23	0	0	1	0	45	0	3	0	0	0	0	1	1	0	8	0	48	0
105	0	0	19	0	0	0	15	0	9	0	3	0	0	5	0	2	0	0	44	7	3	0	11	40	2	0	0	3	2	2	0	0	381	0	0	5	0	0	0	0	77	224	12	0	0	0	0	6	0	49	5	0	0	0	0	0	0	5	2	8	1	0	0	199	0	0	0	0	0	0	0	0	0	7	2	1	3	73	16	0	13	2	0	0	2	1	83	1	0	0	0	4	23	0	0	1	0	0	1	6	0	0	1	0	0	105	0	0	2	0	15	36	0	2	0	0	0	0	16	0	143	0	0	0	0	0	77	0	5	1	0	1	0	2	0	181	0	6	0	0	0	0	1	0	0	0	0	0	1	0	0	0	0	0	0	1	0	0	0	0	0	0	0	1	2	0	0	0	0	0	0	1	3	0	0	0	19	0	1	0	0	8	0	0	1	0	57	0	1	0	0	0	0	0	0	0	6	0	11	0
106	0	1	234	1	0	0	37	0	15	0	3	0	0	6	0	0	0	0	44	12	0	0	4	44	1	0	0	1	0	0	0	0	104	0	0	3	0	0	2	0	29	147	8	0	0	0	0	4	0	112	1	0	0	0	0	0	0	0	3	6	0	0	0	220	0	0	0	1	0	0	0	0	0	7	4	0	4	129	131	0	17	7	0	0	1	0	139	0	0	0	1	9	51	0	0	2	0	0	1	5	0	0	0	0	0	94	0	0	1	0	14	30	0	1	0	0	0	0	27	0	182	0	0	1	0	0	74	0	2	0	2	0	0	1	0	229	0	4	0	0	0	0	7	0	0	3	0	0	3	9	0	0	6	0	0	0	0	0	0	0	1	0	1	0	9	0	0	0	0	0	3	2	5	0	0	0	198	0	0	0	7	16	1	0	0	0	57	0	1	0	0	0	2	0	4	0	16	0	16	0
107	0	0	14	0	0	0	235	0	2	0	66	0	0	3	0	36	1	0	10	1	0	0	2	25	0	0	0	0	0	0	0	1	120	0	0	0	0	0	0	0	1	4	0	0	0	0	0	1	0	4	0	0	0	0	0	0	0	0	0	0	0	0	0	101	0	0	0	0	0	0	0	0	0	2	0	0	0	40	12	0	12	7	1	0	0	0	36	0	0	36	0	0	3	0	0	0	0	0	0	3	1	0	3	0	1	152	0	1	3	1	41	0	0	4	0	0	0	0	0	0	78	0	0	0	0	0	171	0	19	0	0	2	0	2	0	354	1	6	0	0	0	0	0	0	0	2	1	0	0	4	0	0	1	0	0	0	0	0	0	0	0	0	0	2	71	0	0	0	0	0	1	4	7	0	0	0	0	0	0	0	0	1	0	0	0	0	95	0	19	0	0	0	0	0	1	0	4	0	9	0
108	0	0	5	0	3	0	210	0	0	0	0	0	0	15	0	0	0	0	18	8	0	0	6	3	0	1	0	0	0	0	0	0	290	0	0	5	0	0	0	0	0	0	0	0	1	0	0	0	0	0	0	0	0	0	0	0	0	0	1	0	0	0	0	102	0	0	0	0	0	0	0	0	0	16	0	3	5	170	430	4	31	20	0	0	0	1	2	0	0	46	0	0	1	0	0	1	0	0	0	4	0	0	1	0	0	164	1	3	7	0	22	0	0	6	0	0	1	0	0	0	64	0	0	0	0	0	229	0	11	0	0	5	0	0	0	185	0	2	0	0	0	0	14	0	0	0	0	1	49	2	0	0	70	0	0	1	0	0	0	1	0	0	0	0	1	0	0	0	0	0	3	7	26	0	0	0	53	0	0	0	0	0	0	0	0	0	37	0	4	0	0	0	0	0	0	0	10	0	18	0
109	0	4	26	0	1	0	34	0	16	0	219	0	0	7	0	0	32	21	13	1	2	1	0	0	0	3	0	465	3	89	0	0	362	0	0	421	0	0	0	0	0	0	0	3	1	1	4	45	45	278	17	0	0	0	6	1	0	0	0	0	0	0	0	1221	0	1	1	0	0	0	0	0	0	20	1	0	3	63	3	0	16	8	1	0	0	0	52	0	0	0	0	0	6	0	0	11	0	0	1	33	1	0	0	0	0	164	1	0	6	0	18	0	1	42	1	1	2	0	27	101	770	0	1	1	7	0	131	2	13	2	1	4	0	9	1	360	2	36	0	0	0	0	0	0	0	17	1	12	0	25	0	0	0	0	0	0	0	0	0	0	0	0	1	0	6	0	0	0	0	0	3	4	13	0	0	0	3	0	0	0	0	1	0	0	0	0	7	0	0	0	0	2	2	1	3	0	2	0	19	0
110	0	0	61	0	0	0	1	0	23	0	112	0	0	22	0	0	0	0	26	10	2	3	1	0	0	0	0	251	79	12	0	1	2471	0	1	0	0	0	0	0	0	0	0	0	2	3	0	7	0	102	0	0	0	0	0	0	0	0	0	0	0	0	0	380	2	0	0	0	0	0	0	0	0	12	0	0	4	51	2	0	25	13	0	0	0	0	333	2	0	0	0	5	8	0	0	3	0	0	0	28	0	0	2	0	0	291	2	4	17	0	33	0	0	17	0	0	0	0	16	1	319	0	0	2	0	0	344	0	28	0	1	1	0	5	0	504	3	15	0	0	0	0	1	0	0	62	0	0	0	93	0	0	0	0	0	0	0	0	0	0	1	0	0	1	60	0	0	0	0	0	5	3	5	0	0	0	15	0	0	0	0	0	3	0	7	0	81	0	1	1	1	5	0	0	0	0	9	0	31	0
111	0	2	53	1	0	0	0	0	29	0	4	0	0	3	0	0	0	0	9	2	10	0	5	1	0	7	0	6	4	1	0	0	581	0	0	2	0	0	0	0	0	0	0	1	1	0	1	16	12	54	1	0	0	1	1	0	1	0	0	0	1	0	1	749	0	1	0	0	0	0	0	0	0	6	0	1	5	128	0	0	19	15	0	0	0	0	347	2	0	0	0	0	6	0	0	1	2	0	9	10	1	1	0	0	0	120	0	0	0	0	11	0	0	12	0	0	0	0	13	24	415	1	0	2	0	0	79	1	8	0	0	2	0	2	0	202	1	15	0	1	0	0	0	0	0	9	0	0	0	19	0	0	0	0	0	0	0	0	0	0	0	0	0	0	3	0	0	0	0	0	10	1	1	0	0	0	1	0	1	0	0	10	3	0	0	0	17	0	4	0	0	12	0	1	0	0	5	0	44	0
112	0	1	91	0	0	0	54	0	45	0	9	0	0	18	3	0	0	0	42	8	25	0	6	4	2	2	2	0	0	0	0	0	91	0	0	0	0	0	0	0	0	0	0	0	0	0	0	16	24	182	6	0	0	0	2	0	1	0	0	0	1	0	0	664	0	2	0	0	0	0	0	0	1	10	0	2	6	240	4	0	16	3	1	0	0	0	138	1	0	0	20	39	73	0	0	5	3	0	75	9	0	0	1	0	0	122	0	0	1	0	13	0	0	11	0	0	0	0	19	59	446	0	0	0	0	0	132	1	15	1	4	2	0	1	0	319	3	23	1	0	0	0	3	0	0	10	0	6	1	10	0	0	7	0	0	0	0	0	1	0	2	0	0	0	37	0	0	0	0	0	12	1	4	0	0	51	16	0	2	0	0	4	0	0	1	0	35	0	4	0	0	17	0	1	1	0	16	0	54	0
113	0	0	15	0	0	0	4	0	5	0	42	0	0	6	0	0	0	0	10	3	0	0	4	3	0	0	0	4	0	0	0	0	159	0	0	0	0	0	0	0	5	24	1	0	0	0	0	2	0	10	0	0	0	0	1	0	0	1	1	3	0	1	0	268	0	0	0	0	0	0	0	0	0	3	0	3	2	73	9	1	9	2	0	0	1	0	95	0	0	0	0	5	10	0	0	2	0	0	1	10	0	0	0	0	0	126	0	0	3	0	38	4	0	6	0	0	0	0	6	0	151	0	0	0	0	0	137	0	18	0	0	1	0	3	0	305	2	10	1	1	0	0	3	0	0	2	0	0	0	6	0	0	0	0	0	2	0	1	0	0	0	0	0	1	37	0	0	0	0	0	10	1	4	0	0	0	3	0	0	0	0	2	0	0	0	0	18	0	2	0	0	0	0	0	0	0	8	0	22	1
114	0	0	23	0	0	0	5	0	1	0	1	0	0	2	0	0	0	0	8	2	0	0	0	0	0	1	0	5	1	0	0	0	829	1	0	1	0	0	0	0	0	0	0	0	1	0	0	11	0	220	1	0	0	0	2	1	0	0	0	0	0	0	0	281	1	0	0	0	0	0	0	0	0	7	0	1	2	94	17	0	12	4	0	0	4	0	70	1	0	0	0	0	0	1	0	7	0	0	0	26	1	0	0	0	0	162	0	3	1	0	36	0	0	16	0	0	0	0	69	0	333	0	0	1	0	0	126	0	10	0	1	0	0	1	0	400	1	19	0	0	0	0	0	0	0	0	0	0	0	1	0	0	0	0	0	2	0	0	0	0	0	0	0	0	14	0	0	0	0	0	2	2	5	0	0	0	41	0	0	0	0	0	0	0	1	0	41	0	3	0	0	0	0	2	0	0	18	0	50	0
115	0	0	21	0	0	0	24	0	5	40	4	0	0	0	0	0	0	0	19	13	0	0	8	241	20	0	0	2	0	0	0	0	12	0	0	0	0	0	1	0	0	0	0	2	0	3	0	3	0	0	0	0	0	0	0	0	0	0	0	0	0	0	0	230	0	1	0	0	0	0	0	0	0	12	1	0	2	274	5	0	27	3	0	0	0	0	132	0	0	1	0	26	49	1	0	2	0	0	0	6	1	0	0	0	0	148	1	1	15	0	41	0	0	3	0	0	0	0	4	0	170	0	0	0	0	0	122	0	9	0	0	0	1	0	0	225	1	5	1	0	0	0	10	0	0	10	1	1	5	15	0	0	0	0	0	1	0	0	1	0	1	0	0	1	21	0	0	0	0	0	5	10	13	0	0	0	8	0	0	0	0	8	29	0	0	0	14	0	5	0	0	0	0	0	0	0	2	0	7	0
116	1	2	131	0	1	0	52	1	69	3	1	0	0	0	0	0	0	0	27	13	0	1	1	738	44	0	0	0	2	0	0	0	446	0	0	0	0	0	0	0	0	0	0	177	0	12	0	3	0	5	4	0	0	0	1	0	0	0	0	0	0	0	0	343	0	0	0	1	0	0	0	0	0	9	0	3	7	283	11	0	13	1	0	0	2	0	24	0	0	0	0	23	47	0	0	6	0	0	0	13	0	0	0	0	0	173	1	1	10	0	30	0	26	21	0	1	0	0	9	0	252	0	0	0	254	17	736	133	38	0	2	3	0	14	0	278	10	3	0	0	0	0	62	0	0	5	0	5	1	17	0	0	0	0	0	7	0	0	0	1	0	0	0	0	8	0	0	0	0	0	17	9	22	0	0	0	45	0	0	0	0	1	1	0	0	0	24	0	1	0	0	0	5	0	0	0	18	0	28	0
117	0	0	3	0	0	0	168	0	11	0	96	0	0	1	0	2	0	0	7	0	0	0	3	32	5	0	0	10	0	1	0	0	14	0	0	3	1	0	0	0	0	0	0	0	0	2	0	9	1	3	2	0	0	0	0	0	0	1	0	4	0	0	0	271	0	0	0	0	0	0	0	0	0	3	0	0	0	107	45	1	12	1	0	0	0	0	0	1	0	0	0	0	2	0	0	0	0	0	0	4	0	0	0	0	0	69	1	0	1	0	3	0	0	2	0	0	0	1	4	0	177	0	0	0	2	0	79	0	2	0	0	1	0	2	0	117	1	3	0	0	0	0	5	0	0	6	0	0	4	20	0	0	1	0	0	1	1	0	0	0	0	0	0	0	3	0	0	0	0	0	7	0	1	0	0	0	15	0	0	0	1	4	0	0	1	0	22	0	0	0	0	0	0	0	2	0	21	0	4	0
118	0	0	3	0	0	0	1	0	1	0	2	0	0	2	0	0	0	0	5	0	0	0	2	20	2	1	0	4	0	0	0	0	10	0	0	5	0	0	0	0	0	0	0	22	1	12	0	2	0	3	0	0	0	0	0	0	0	0	0	0	0	0	0	77	0	0	0	0	0	0	0	0	0	6	1	0	0	87	3	0	15	3	0	0	0	0	18	0	0	0	1	2	7	0	0	0	0	0	0	5	0	0	4	2	0	109	3	1	5	0	35	0	2	7	0	0	0	0	1	0	53	0	0	0	35	1	238	24	18	0	2	2	1	0	1	187	2	2	0	0	0	0	0	0	0	2	0	0	1	1	0	0	0	0	0	0	0	0	0	0	1	0	0	0	0	0	0	0	0	0	1	2	1	0	0	0	16	0	0	0	1	1	1	0	0	0	16	0	1	0	0	0	0	0	0	0	2	0	18	0
119	0	0	29	0	0	0	123	0	1	0	0	0	0	2	1	0	4	6	1	1	0	0	0	44	2	0	0	0	0	0	0	0	7	0	0	28	0	0	0	0	0	0	0	0	0	0	0	1	0	29	0	0	0	0	0	0	0	0	0	1	0	0	0	46	0	0	0	0	0	0	0	0	0	2	0	0	1	181	5	0	2	0	0	0	0	0	2	0	0	0	2	12	160	0	0	0	0	0	0	3	0	0	0	0	0	18	0	0	3	0	3	0	0	2	0	0	0	0	4	0	53	0	0	0	0	0	22	0	1	0	0	0	0	0	0	40	0	0	0	0	0	0	0	0	0	7	0	0	0	14	0	0	0	0	0	0	0	0	0	0	0	0	0	0	1	0	0	0	0	0	1	1	8	0	0	6	8	0	0	0	0	0	1	0	0	0	19	0	2	1	0	0	0	0	0	0	2	0	7	0
120	0	2	120	0	1	0	353	0	11	0	0	0	0	29	8	0	0	0	41	5	3	0	1	0	0	6	0	1	0	0	0	0	107	0	0	3	1	0	0	0	0	0	0	0	0	0	0	16	6	107	2	0	0	0	1	1	0	0	0	0	0	0	0	543	1	1	1	0	0	0	0	0	1	43	2	0	2	821	23	2	95	22	0	1	0	0	495	8	0	0	4	6	86	1	0	20	0	0	6	7	0	0	0	0	0	61	0	0	2	0	8	0	0	5	0	0	0	0	18	3	380	0	0	0	0	0	69	0	6	0	0	0	0	0	0	129	0	3	1	0	0	0	27	0	0	9	0	1	13	17	0	0	87	0	0	3	0	0	0	0	0	0	0	0	25	0	0	0	0	0	7	4	16	0	0	6	11	0	0	0	0	3	0	0	1	0	89	0	5	0	1	4	0	2	0	1	27	0	49	0
121	0	1	123	0	0	0	28	0	26	0	149	0	0	3	0	0	0	0	29	7	9	1	0	0	0	0	0	253	1	47	0	0	804	0	0	0	0	0	0	0	0	3	0	0	3	3	0	7	4	33	1	0	0	0	0	0	0	0	0	1	0	0	0	359	0	0	0	0	0	1	0	0	0	11	0	1	3	115	1	0	28	7	1	0	0	0	143	2	0	0	0	5	8	0	0	4	0	0	0	18	1	1	0	0	0	288	0	3	18	0	23	0	1	20	0	0	0	0	0	12	226	0	0	0	5	0	257	1	38	0	2	4	0	1	0	624	3	17	2	0	0	0	35	0	0	1	0	0	0	3	0	0	0	0	0	2	0	0	1	0	0	1	1	0	1	0	0	0	0	0	1	2	15	0	0	0	1	0	0	0	0	0	1	0	0	0	28	0	2	1	0	11	4	1	0	0	7	0	5	0
122	0	0	46	0	0	0	2	0	10	0	601	0	0	0	0	0	0	0	58	5	8	0	8	2	0	14	1	1315	13	268	0	0	640	1	0	26	0	0	0	0	0	0	0	0	3	6	0	16	1	12	1	0	0	0	0	0	0	0	0	0	0	0	0	567	0	0	0	0	0	0	0	0	0	21	1	0	0	69	12	0	45	13	0	0	0	0	21	0	0	0	0	1	48	0	0	4	0	0	0	24	4	0	3	0	0	355	0	3	49	0	53	0	0	35	0	0	0	0	3	0	430	0	0	0	0	0	360	0	50	0	5	13	0	8	0	583	5	18	0	0	0	0	21	0	0	3	0	0	0	3	0	0	0	0	0	1	0	0	0	0	0	0	0	0	31	0	0	0	0	0	3	6	8	0	0	0	74	0	0	0	0	0	0	0	1	0	32	0	3	0	0	7	0	4	0	0	11	0	60	0
123	0	0	61	0	0	0	1	3	135	0	63	0	0	6	0	0	0	0	29	9	4	0	4	1	0	3	0	3	0	1	0	0	31	0	0	2	0	0	0	5	0	0	0	0	1	2	2	13	3	16	0	0	0	0	0	0	0	0	0	0	0	0	0	550	0	0	0	0	0	0	0	0	0	2	0	6	13	382	1	0	2	0	1	0	0	0	104	1	0	0	0	0	1	0	0	10	0	0	18	23	0	0	1	0	0	160	0	1	23	0	28	0	0	18	0	0	0	0	8	6	371	0	0	0	2	0	99	0	16	0	0	5	0	3	0	309	1	14	2	0	0	0	0	0	0	0	0	0	0	8	0	0	1	0	0	0	0	0	0	0	0	0	0	0	68	0	0	0	0	0	7	13	25	0	0	0	0	0	0	0	0	5	1	0	1	0	13	0	5	0	0	3	5	3	0	1	46	0	38	0
124	0	1	12	0	0	0	1	0	55	0	0	0	0	1	0	0	0	0	13	6	6	1	3	0	0	1	0	14	26	2	0	0	575	0	0	4	0	0	0	4	0	0	0	0	0	4	0	3	0	3	0	0	0	0	0	0	0	0	0	0	0	0	0	329	0	1	0	0	0	1	0	0	0	0	0	2	11	147	2	0	3	1	0	0	1	0	11	0	0	1	0	0	4	0	0	1	0	0	46	10	2	0	2	3	0	364	1	0	4	0	35	0	0	15	0	0	0	0	2	0	243	0	0	0	0	0	601	0	54	0	1	14	0	4	0	592	3	8	0	1	0	0	35	0	0	4	0	0	0	6	0	0	1	0	0	3	0	0	0	2	0	0	1	0	10	0	0	0	0	0	2	10	27	0	0	0	0	0	0	0	0	0	0	0	0	0	31	0	3	0	0	21	3	0	2	0	15	0	13	0
125	0	0	45	0	0	0	1	0	4	0	0	0	0	0	0	0	0	0	40	16	0	0	15	2	0	0	0	2	3	0	0	0	1873	1	0	0	0	0	0	1	0	0	0	1	0	1	0	6	0	6	2	0	0	0	1	0	0	0	0	0	0	1	0	444	0	0	0	0	0	0	0	0	0	1	0	1	18	171	1	0	8	0	0	0	0	0	82	0	0	1	0	3	2	0	0	2	0	0	11	4	0	0	0	0	0	33	0	0	1	0	15	0	0	4	0	0	0	0	6	0	293	0	0	0	0	0	28	0	2	0	0	1	0	1	0	62	2	2	1	0	0	0	2	0	0	15	0	24	0	61	0	0	0	0	0	0	0	0	0	0	0	0	0	0	6	0	0	0	0	0	12	0	15	0	0	0	7	0	0	0	0	0	0	0	2	0	47	0	2	0	0	4	0	14	1	0	22	0	23	0
126	0	0	90	0	0	0	0	0	45	0	0	0	0	7	0	0	0	0	33	2	15	0	3	0	0	0	0	0	0	0	0	0	647	0	0	44	0	0	0	1	0	0	0	0	2	0	1	6	0	2	1	0	0	0	0	0	0	0	0	0	0	0	0	468	0	1	0	0	0	0	0	0	1	0	0	0	17	388	0	0	4	0	0	2	3	0	496	2	0	0	0	46	95	0	1	11	0	0	29	24	0	1	0	0	0	435	0	4	0	0	81	0	1	34	0	0	0	0	2	0	342	0	0	0	0	0	257	0	47	0	2	3	0	4	0	905	3	5	1	1	0	0	5	0	0	5	0	1	0	31	0	0	0	0	0	0	0	1	1	0	1	0	3	1	49	0	0	0	0	0	6	3	16	0	0	0	11	0	0	0	0	2	4	0	2	0	46	0	6	0	0	0	0	0	2	0	18	0	76	0
127	0	1	35	0	0	0	2	0	1	0	0	0	0	0	0	0	0	0	14	5	0	0	9	0	0	0	0	0	10	0	0	0	206	0	0	2	0	0	0	12	0	0	0	0	0	0	0	3	0	23	1	0	0	0	0	0	0	0	0	0	0	0	0	217	0	0	0	0	0	0	0	0	0	2	1	2	10	105	2	0	5	3	0	0	0	0	804	2	0	0	1	3	24	0	0	0	0	130	2	3	0	0	0	0	0	44	0	1	2	0	10	0	0	2	0	0	0	0	15	0	192	0	0	0	0	0	31	0	1	0	0	0	0	0	0	87	0	2	0	0	0	0	7	0	0	27	0	1	21	45	0	0	0	0	0	3	0	1	0	0	0	0	0	0	7	0	0	0	0	1	26	7	16	0	0	0	12	0	0	0	0	0	1	0	3	0	84	0	11	1	0	0	0	3	0	0	13	0	5	0
128	0	1	43	0	0	0	13	0	5	0	0	0	0	10	0	0	0	0	7	3	0	0	1	1	0	4	0	0	1	0	0	0	195	0	0	0	14	0	0	1	0	0	0	0	0	0	0	4	1	154	0	0	0	0	0	0	0	0	0	0	0	0	0	77	1	0	0	0	0	0	0	0	0	3	2	3	6	189	3	0	5	0	0	1	5	0	61	1	0	0	0	4	24	1	0	6	0	0	1	4	0	0	2	0	0	59	0	0	4	0	8	0	0	4	0	0	0	0	31	2	169	0	0	0	0	0	58	0	4	1	2	0	0	1	0	72	1	2	0	0	0	0	29	0	0	2	0	3	2	6	0	0	3	0	0	2	0	0	0	0	0	0	0	0	10	0	0	0	0	0	9	2	15	0	0	1	2	0	0	0	0	0	0	0	0	0	15	0	2	0	0	2	0	0	2	0	7	0	17	0
129	0	0	1	0	0	0	1	0	3	1	2	0	0	2	13	0	0	0	8	3	0	0	2	0	0	0	0	164	0	46	0	0	381	0	0	13	0	0	0	0	2	0	0	12	0	6	0	13	0	9	1	0	0	0	1	0	0	0	0	0	1	0	0	566	0	0	0	0	0	0	0	0	0	4	0	0	0	14	8	0	6	4	0	0	0	0	179	1	0	0	1	0	15	0	0	0	0	0	0	28	0	0	1	0	0	173	0	1	6	0	47	0	0	30	0	0	0	1	9	0	412	0	1	0	18	0	221	8	30	1	2	11	0	14	0	281	1	17	3	0	0	0	14	0	0	13	1	2	0	23	0	10	0	1	0	0	0	0	0	0	1	1	1	0	24	0	0	0	0	0	8	0	1	0	1	0	2	0	1	0	0	2	0	0	0	0	31	0	4	0	0	3	0	0	0	0	10	0	5	0
130	0	0	53	0	0	1	69	0	2	0	17	0	0	5	5	0	0	0	18	0	0	0	11	286	3	2	0	17	0	2	0	0	7	0	0	0	0	0	0	0	0	0	0	0	0	6	0	4	0	2	0	0	0	0	0	0	0	0	0	0	0	0	0	258	0	0	0	0	0	0	0	0	0	3	0	2	12	88	4	0	1	1	0	0	0	0	26	0	0	0	2	0	8	0	0	2	0	0	0	7	1	0	2	1	0	175	0	1	1	0	51	0	0	7	0	0	0	0	1	0	211	0	0	0	0	0	140	0	21	0	0	3	0	6	0	256	1	3	0	0	0	0	7	0	0	0	0	0	0	1	0	3	0	0	0	1	0	1	0	1	0	0	0	0	0	0	0	0	0	0	2	1	1	0	0	0	2	0	0	0	0	0	0	0	0	0	5	0	1	0	0	0	0	0	0	0	14	0	29	0
131	0	0	71	0	0	0	284	0	3	0	2	0	0	2	0	0	0	0	7	6	0	0	7	2	0	1	0	0	0	1	0	0	2	0	0	2	0	0	0	7	0	0	0	0	0	0	0	1	0	12	1	0	0	0	0	0	0	0	0	0	0	0	0	80	0	0	0	0	0	0	0	0	0	5	0	0	0	114	2	0	5	0	0	0	0	0	2	0	0	0	0	0	0	0	0	0	0	0	0	0	0	0	0	0	0	29	0	0	1	0	6	0	0	0	0	0	0	0	3	0	66	0	0	0	0	0	19	0	0	0	0	0	0	0	0	50	0	2	0	0	0	0	4	0	0	28	0	20	0	29	0	0	1	0	0	0	0	0	0	0	0	0	0	0	0	0	0	0	0	0	5	0	5	1	0	0	1	0	0	0	0	0	0	0	0	0	9	0	2	0	0	0	0	0	0	0	2	0	11	0
132	0	0	16	0	0	0	128	0	0	0	0	0	0	3	1	0	0	0	13	4	3	0	7	3	0	2	0	1	0	0	0	0	7	0	0	4	0	0	0	0	0	0	0	1	0	2	0	3	0	6	3	0	0	0	1	0	1	0	0	0	0	0	0	316	0	2	0	0	0	0	0	0	0	31	0	0	0	102	25	0	42	16	0	0	0	0	76	0	0	5	0	13	91	0	0	2	0	0	0	10	0	0	1	1	0	138	0	2	4	0	38	0	0	3	0	0	0	0	4	0	185	0	0	0	0	0	143	0	11	0	0	4	0	3	1	235	0	9	0	0	0	0	7	0	0	4	0	0	12	0	0	6	77	0	0	1	0	0	1	0	0	0	0	0	9	0	0	0	0	0	7	6	21	0	0	0	3	0	0	0	0	0	0	0	0	0	35	0	4	0	1	0	0	0	0	0	4	0	11	0
133	0	0	26	0	0	0	2	0	6	1	0	0	0	0	0	0	0	0	5	0	2	1	0	0	0	0	0	192	19	41	0	0	291	0	0	4	0	0	0	0	0	0	0	0	0	2	0	0	0	8	0	0	0	0	0	0	0	0	0	0	0	0	0	80	0	0	0	0	0	0	0	0	0	1	1	0	3	66	0	0	2	1	0	0	0	0	24	0	0	0	0	0	0	0	0	0	0	0	1	3	0	0	2	0	0	173	1	1	7	0	15	0	0	4	0	0	0	0	0	2	53	0	0	0	0	0	236	0	15	0	4	1	0	0	0	329	4	4	1	0	0	0	17	0	0	2	0	1	1	5	0	0	0	1	0	1	0	0	0	0	0	0	0	0	10	0	0	0	0	0	2	0	1	0	0	0	0	0	0	0	0	6	0	0	0	0	33	0	0	0	0	0	1	1	0	0	1	0	2	0
134	0	0	27	0	0	0	14	0	46	2	19	0	0	0	0	0	0	0	16	4	0	0	0	4	0	12	0	636	0	121	0	0	1297	0	0	1	0	0	0	0	0	0	0	0	2	14	0	4	3	38	2	0	0	0	0	0	0	0	0	0	0	0	0	452	0	0	0	0	0	0	0	0	0	7	1	1	4	96	14	0	39	9	0	0	0	0	169	0	0	0	0	0	48	0	0	2	1	0	1	22	0	1	4	1	0	430	4	1	134	1	35	0	0	15	0	0	0	0	1	10	216	0	0	0	0	0	564	0	90	0	1	9	1	9	0	589	2	11	0	0	0	0	109	0	0	0	0	0	3	3	0	0	0	0	0	5	0	0	1	2	0	0	0	1	55	0	0	0	0	1	0	8	23	0	0	0	0	0	0	0	0	5	1	0	2	0	97	0	5	1	0	4	0	0	1	0	12	0	5	0
135	0	0	5	0	0	0	0	1	123	0	18	0	0	0	0	0	0	0	21	2	1	0	1	2	0	0	0	151	0	20	0	0	70	0	1	1	0	0	0	0	0	0	0	0	1	0	0	2	0	35	1	0	0	0	0	1	0	0	0	0	0	0	0	331	0	0	0	0	0	0	0	0	0	3	0	3	8	78	48	0	13	2	0	0	0	0	22	0	0	0	0	2	6	0	0	2	0	0	24	9	0	0	0	0	0	117	0	1	0	0	11	0	0	3	0	0	0	1	11	0	215	0	0	0	0	0	75	0	6	1	3	1	0	1	0	183	1	3	1	0	0	0	6	0	0	6	0	10	3	22	0	0	0	0	0	0	0	0	0	0	0	0	0	1	7	0	0	0	0	0	4	7	16	0	0	0	0	0	0	0	0	0	0	0	0	0	10	0	2	0	0	2	0	0	2	0	3	0	16	0
136	0	0	6	0	0	0	0	0	23	0	17	0	0	1	0	0	0	0	21	6	4	0	3	2	0	0	1	502	12	109	0	0	1255	0	0	1	0	0	0	0	0	0	0	0	1	5	0	10	0	8	1	0	0	0	1	0	0	0	0	0	0	0	0	367	0	0	0	0	0	0	1	0	0	6	0	1	3	59	4	0	18	2	0	0	4	0	22	0	0	0	0	2	3	0	0	1	0	0	18	28	2	0	12	4	0	436	1	3	35	1	89	0	0	36	0	1	0	0	10	1	233	0	0	2	0	0	834	0	72	0	1	12	1	7	0	607	10	30	0	0	0	0	30	0	0	0	0	0	0	0	0	0	0	0	0	3	0	0	0	1	0	0	0	0	25	0	0	0	0	0	2	2	6	0	0	0	2	0	0	0	0	0	0	0	1	0	7	0	3	0	0	2	0	1	2	0	15	0	7	0
137	0	0	21	0	0	0	1	0	2	0	0	0	0	0	0	0	0	0	19	3	1	1	2	0	0	3	1	0	2	0	0	0	25	0	0	1	0	0	0	0	0	0	0	0	0	0	0	1	2	30	0	0	0	0	1	0	0	0	0	0	0	0	0	109	0	0	0	0	0	0	0	0	0	0	1	1	7	90	1	0	1	0	0	0	3	0	26	1	0	0	0	0	0	0	0	2	1	0	125	9	0	0	0	0	0	206	1	2	1	0	8	0	0	13	0	0	0	0	5	0	106	0	0	0	0	0	177	0	22	0	1	2	0	0	0	504	4	8	0	0	0	0	7	0	0	6	0	0	0	17	0	0	0	0	0	0	0	2	1	0	0	0	1	0	14	0	0	0	0	0	1	8	17	0	0	0	1	0	0	0	0	1	1	0	0	0	5	0	0	0	0	0	1	0	0	0	13	0	1	0
138	0	0	9	0	0	0	2	0	0	0	0	0	0	1	0	0	0	0	11	0	0	4	0	1	0	0	0	1	1	0	0	0	29	0	0	1	0	0	0	0	0	0	0	0	2	5	0	1	0	4	0	0	0	0	0	0	0	0	0	0	0	0	0	66	0	0	0	0	0	0	0	0	0	0	0	0	0	86	1	0	9	0	0	0	0	0	2	0	0	0	0	0	0	0	0	1	0	0	2	7	1	0	4	1	0	326	3	4	16	2	49	0	0	7	0	0	0	0	3	0	59	0	0	0	0	0	565	0	54	0	0	0	1	2	0	547	4	4	0	0	0	0	50	0	0	6	0	0	0	1	0	0	0	0	0	4	0	0	2	1	0	0	3	0	4	0	0	0	0	0	2	4	20	0	0	0	0	0	0	0	0	0	0	0	1	0	44	0	2	0	0	0	0	1	0	0	1	0	14	0
139	0	1	23	0	0	0	5	0	4	0	6	0	0	3	6	0	0	0	25	2	0	2	8	0	0	0	0	16	0	1	0	0	303	0	0	0	0	0	0	0	0	0	0	10	0	6	0	12	0	19	1	0	0	1	1	0	0	0	0	0	0	0	0	533	0	1	0	0	0	0	0	0	0	14	0	0	2	52	16	1	11	2	0	0	0	0	1	0	0	0	0	0	1	0	0	1	0	0	0	17	2	0	0	0	0	176	0	0	6	0	41	0	3	10	0	0	0	0	6	0	408	0	0	0	12	0	184	6	16	0	3	5	0	3	0	437	2	12	1	0	0	0	136	0	0	5	0	0	4	15	0	0	0	0	0	12	0	0	0	0	0	0	0	0	22	0	0	0	0	0	9	10	43	0	0	0	93	0	0	0	0	2	4	0	1	0	13	0	5	0	0	3	0	0	1	0	15	0	8	0
140	0	0	16	0	0	0	12	0	6	6	1	0	0	0	0	0	0	0	13	2	0	0	6	0	0	4	0	0	0	0	0	0	237	0	0	29	0	0	0	0	0	0	0	2	2	12	0	2	0	5	3	0	0	0	1	0	0	0	0	0	0	0	0	345	0	0	0	0	0	0	0	0	0	1	0	0	3	88	1	0	1	0	0	0	0	0	73	0	0	0	0	0	0	0	0	0	0	0	0	19	0	1	6	4	1	611	0	1	26	1	52	0	0	26	0	1	0	0	2	0	242	0	0	0	3	0	1074	1	52	2	2	10	0	16	0	457	4	15	2	0	0	0	45	0	0	6	3	0	64	37	0	0	0	1	0	8	0	0	1	0	0	1	0	0	37	0	0	0	0	0	1	1	2	0	0	0	8	0	0	0	0	0	1	0	0	0	40	0	6	1	1	0	0	0	0	0	1	1	4	0
141	0	0	8	0	4	0	132	0	18	0	5	0	0	0	1	0	0	0	12	6	7	0	2	614	1	4	0	51	0	0	0	0	77	0	0	2	2	0	0	0	0	0	0	0	0	0	0	5	0	4	1	0	0	0	0	0	0	0	0	0	0	0	0	355	0	0	0	0	0	0	0	0	0	23	0	0	4	90	40	0	45	12	0	0	0	0	22	0	0	0	0	3	11	0	0	3	0	0	0	14	1	0	0	0	0	158	0	1	11	0	47	0	0	7	0	0	0	0	4	0	242	0	0	0	0	0	204	0	14	0	0	5	0	1	0	344	2	14	0	0	1	0	257	0	0	12	1	9	1	15	0	0	0	0	0	16	0	0	1	0	0	0	0	0	7	0	0	0	0	0	8	6	28	0	0	0	9	0	4	1	0	12	0	0	0	0	22	0	3	0	0	0	0	0	1	0	20	0	9	0
142	0	0	16	0	116	0	34	0	27	0	0	0	0	0	0	1	0	0	18	2	2	0	3	1669	7	0	0	20	0	5	0	0	27	0	0	0	0	0	0	1	0	0	0	0	0	2	0	1	0	25	1	0	0	0	0	0	0	0	0	0	0	0	0	324	0	0	0	0	0	0	0	0	0	16	0	1	3	53	0	0	12	7	1	0	0	0	36	0	0	0	0	1	38	0	0	2	0	0	0	9	0	0	1	0	1	132	0	1	6	0	17	0	0	3	0	0	0	0	10	0	224	0	0	1	0	0	135	0	11	0	2	3	0	3	0	253	2	3	1	0	0	0	20	0	0	7	0	3	0	7	0	0	0	0	0	1	0	0	0	1	0	0	0	0	10	0	0	0	0	0	2	10	17	0	0	0	9	0	0	0	0	9	0	0	1	0	35	0	2	0	0	0	3	0	0	0	13	0	8	0
143	0	0	8	0	2	0	430	0	2	0	0	0	0	0	0	0	0	0	10	1	7	0	1	3	0	0	0	3	0	1	0	0	1067	2	0	140	0	0	0	6	0	0	0	0	0	0	0	22	0	16	5	0	0	0	2	0	0	0	0	3	0	0	0	723	0	0	0	0	0	0	0	0	0	4	0	0	1	53	76	0	5	1	0	0	0	0	3	0	0	0	0	8	34	0	0	1	0	1	0	9	0	0	0	0	0	113	0	0	6	0	17	0	0	9	0	0	0	0	6	0	489	0	0	0	0	0	109	0	3	2	0	1	0	5	0	219	1	9	1	0	0	0	29	0	0	10	0	0	0	8	0	0	0	0	0	2	0	0	0	0	0	0	0	0	4	0	0	0	0	0	1	10	26	0	0	0	3	0	1	0	0	1	0	0	0	0	14	0	2	0	0	0	1	0	0	0	30	0	2	0
144	0	1	93	0	0	0	280	0	0	0	0	0	0	11	0	1	0	0	9	3	3	0	1	0	0	0	0	2	0	0	0	0	9	0	0	1	0	0	0	22	0	0	0	0	0	0	0	2	0	55	0	0	0	0	1	1	2	0	0	0	0	0	0	145	0	0	0	0	0	0	0	0	0	2	0	0	4	57	66	0	4	1	0	0	0	0	10	0	0	0	0	18	127	0	0	2	0	0	0	7	0	0	3	0	0	174	0	0	0	0	23	0	0	8	0	0	0	0	12	0	161	0	0	0	0	0	137	0	12	0	6	1	0	1	0	334	1	8	0	0	0	0	34	0	0	11	2	0	1	10	0	0	0	1	0	3	0	0	0	0	0	0	0	0	0	0	0	0	0	0	4	8	25	0	0	0	53	0	0	0	0	1	0	0	2	0	58	0	4	0	1	2	0	1	0	0	9	0	26	0
145	0	0	13	0	0	0	0	0	0	0	44	0	0	0	0	0	0	0	6	3	0	0	0	0	0	21	0	20	0	2	0	0	1567	2	0	69	0	0	0	0	0	0	0	9	1	17	0	2	0	3	1	0	0	0	0	0	0	0	0	0	0	0	0	143	0	0	0	0	0	0	0	0	0	10	0	1	2	75	1	0	13	5	0	0	0	0	5	1	0	0	0	3	14	0	0	2	0	0	0	14	1	0	9	4	0	374	2	4	31	0	83	0	2	8	0	0	0	0	5	0	123	0	0	0	13	0	811	5	45	0	1	10	1	5	0	450	1	2	0	0	0	0	17	0	0	3	0	0	0	3	0	0	0	0	0	4	0	0	1	1	0	0	0	0	0	0	0	0	0	0	6	3	8	0	0	0	2	0	1	1	0	7	3	0	0	0	64	0	1	0	0	0	0	0	0	0	11	0	21	0
146	0	0	78	1	0	0	14	0	10	0	1	0	0	0	0	0	0	0	14	6	7	0	0	5	0	45	4	246	0	31	1	1	303	0	0	9	0	0	0	0	0	0	0	2	1	10	0	1	0	26	1	0	0	0	0	0	0	0	0	0	0	0	0	89	0	0	0	0	1	1	0	0	0	7	5	0	0	118	5	0	31	11	0	0	0	0	2	0	9	5	0	10	35	0	0	0	0	0	0	7	0	1	4	2	0	174	3	0	13	0	31	0	3	6	0	0	0	0	8	0	73	0	0	0	15	0	500	6	30	0	0	5	0	3	0	296	2	3	0	0	0	0	5	0	0	32	0	3	0	51	0	0	0	0	0	0	0	0	0	0	0	0	0	0	6	0	0	0	0	0	8	3	14	0	0	0	3	0	0	2	0	15	6	0	0	0	19	0	4	0	1	0	0	0	0	0	10	0	2	0
147	0	1	195	0	0	0	0	0	6	0	0	0	0	18	0	0	12	18	2	1	0	1	2	1	0	166	18	14	0	4	0	1	922	0	0	0	0	6	3	23	0	0	0	2	1	9	0	0	0	4	0	0	0	0	0	0	0	0	0	0	0	0	0	168	0	0	0	0	0	0	0	0	0	6	0	0	1	109	451	8	12	4	1	0	0	0	26	0	0	0	0	2	6	0	1	0	0	0	0	8	0	0	2	0	0	253	1	1	24	0	75	0	0	9	0	0	0	0	2	0	100	0	0	0	5	0	284	3	16	0	0	1	0	2	0	381	0	1	0	0	0	0	3	0	0	12	0	6	17	16	0	0	0	0	0	0	0	0	1	1	0	0	0	0	1	0	0	0	0	0	3	9	19	0	0	0	1	0	0	0	0	3	6	0	0	0	69	0	12	0	0	0	4	1	0	0	7	0	16	0
148	0	1	117	0	0	0	1	0	15	0	1	0	0	0	0	0	0	0	4	4	1	0	0	1	0	0	0	109	0	42	0	0	20	0	0	1	0	0	0	0	0	0	0	62	0	140	0	1	0	1	0	0	0	0	0	0	0	0	0	0	0	0	0	114	0	0	0	0	1	0	0	0	0	0	0	0	0	41	12	0	3	0	0	0	0	0	0	0	0	0	0	0	11	0	0	1	0	0	0	6	1	0	2	3	0	101	2	0	5	0	33	0	38	11	0	0	0	0	0	0	97	0	0	0	234	12	501	106	22	1	1	4	0	0	0	222	9	3	0	0	0	0	0	0	0	0	0	0	0	0	0	0	0	0	0	0	0	0	0	0	0	0	0	1	2	0	0	0	0	0	2	0	1	0	0	0	0	0	0	0	0	1	0	0	0	0	21	0	1	0	0	0	0	0	0	0	0	0	3	0
149	0	0	17	0	0	0	51	0	4	1	1	0	0	0	0	0	0	0	3	5	0	0	3	1	0	0	0	0	0	0	0	0	2	0	0	1	0	0	0	0	0	0	0	0	1	2	0	5	0	49	1	0	0	0	0	0	0	0	0	0	0	0	0	221	0	0	0	0	0	0	0	0	0	11	0	0	0	37	11	1	17	5	0	0	0	0	6	0	0	0	0	0	1	0	0	1	0	0	0	5	1	0	0	0	0	98	0	0	0	0	3	0	1	12	0	0	0	0	21	0	179	0	0	0	0	0	75	0	6	0	0	0	0	1	0	254	1	5	0	0	0	0	11	0	0	3	0	0	0	0	0	0	0	0	0	1	0	0	0	0	0	0	1	0	2	0	0	0	0	0	6	1	7	0	0	0	0	0	0	1	0	0	1	0	0	0	9	0	1	0	0	0	1	0	0	0	1	0	2	0
150	0	0	0	0	1	0	35	0	5	2	0	0	0	0	0	0	0	0	1	0	0	0	1	10	0	0	0	0	0	0	0	0	6	0	0	0	0	0	0	0	0	0	0	0	0	5	0	0	0	1	0	0	0	0	0	0	0	0	0	0	0	0	0	78	0	0	0	0	0	0	0	0	0	3	0	0	0	15	6	0	5	1	0	0	0	0	13	0	0	0	0	1	0	0	0	0	0	0	0	3	0	0	0	0	0	53	0	2	15	0	0	0	0	8	1	0	0	0	2	0	68	0	0	0	0	0	57	0	15	0	0	3	0	0	0	91	0	3	1	0	0	0	6	0	0	4	0	0	0	5	0	0	0	0	0	1	0	0	0	1	0	0	0	0	1	0	0	0	0	0	0	0	0	0	0	0	0	0	0	0	0	0	0	0	0	0	4	0	0	0	0	0	0	0	0	0	3	0	0	0
151	0	0	30	0	0	0	265	0	14	0	0	0	0	0	0	0	0	0	3	2	0	0	2	5	0	1	0	2	0	0	0	0	179	0	0	0	0	0	0	0	0	0	0	0	0	0	0	4	0	2	1	0	0	0	0	0	0	0	0	0	0	0	0	184	0	0	0	0	0	0	0	0	0	1	0	0	6	131	0	0	6	0	0	0	0	0	4	0	0	0	0	0	0	0	0	1	0	0	0	1	0	0	0	0	0	44	0	0	1	0	3	0	0	3	0	0	0	0	1	0	173	0	0	0	0	0	43	0	6	1	0	1	0	1	0	104	0	0	1	0	0	0	2	0	0	0	0	4	0	3	0	0	0	0	0	0	0	0	0	0	0	0	0	0	4	0	1	0	0	0	5	8	12	0	0	0	1	0	0	0	0	0	0	0	4	0	17	0	5	0	0	0	0	0	0	0	10	0	10	0
152	0	1	105	0	0	0	34	0	13	0	0	0	0	0	0	0	46	20	17	5	0	0	1	1	0	28	4	0	8	0	0	0	69	0	0	9	0	12	2	1	0	0	0	0	0	0	0	3	0	2	1	0	0	0	1	0	0	0	0	0	0	0	0	161	0	0	0	0	0	0	0	0	0	4	0	0	0	112	19	1	3	1	0	0	0	0	43	0	0	0	0	2	1	0	0	2	0	0	0	3	0	0	1	0	0	57	0	1	7	0	18	0	0	1	0	0	0	0	1	0	117	0	0	0	0	0	110	0	5	0	1	2	1	0	0	101	0	1	0	0	0	0	189	0	0	0	0	0	5	1	0	0	0	0	0	12	0	0	0	0	0	0	0	0	2	0	0	0	0	0	10	6	15	0	0	10	30	0	0	0	0	0	0	0	1	0	58	0	1	1	0	0	0	0	0	0	13	0	18	0
153	0	0	17	0	0	0	71	0	18	0	20	0	0	0	0	0	0	0	38	11	0	3	11	0	0	8	0	31	0	0	0	0	198	0	3	18	0	1	0	10	0	0	0	0	0	6	0	3	0	2	1	0	0	2	0	0	0	0	0	0	0	0	0	310	0	0	0	1	0	0	0	0	0	14	0	0	5	273	90	2	46	3	0	0	0	1	317	0	0	0	0	9	87	0	1	0	0	0	0	7	1	2	2	1	0	310	0	0	18	0	86	0	0	7	0	0	0	0	2	0	322	0	1	0	0	0	317	0	14	0	2	8	0	4	0	415	0	6	0	0	0	0	153	0	0	10	0	6	5	5	0	0	0	1	0	8	0	0	1	1	0	0	0	0	1	0	0	0	0	0	15	2	14	0	1	0	0	0	2	1	0	8	0	0	0	0	17	0	1	0	0	1	0	0	0	0	19	0	12	0
154	0	0	0	0	0	0	20	0	22	0	1	0	0	0	0	0	0	0	0	0	0	0	7	0	0	0	0	0	0	0	0	0	3	0	0	0	0	0	0	0	0	0	0	0	0	0	0	35	0	17	0	0	0	0	1	0	0	0	0	0	0	0	0	1142	0	1	1	0	0	0	0	0	0	0	1	4	7	530	61	1	27	0	0	0	8	0	5	0	0	0	0	0	0	0	0	6	0	0	0	3	0	0	0	0	0	25	0	0	0	0	3	0	0	1	0	1	0	0	13	2	799	1	0	0	0	0	15	0	2	0	0	0	0	1	0	38	0	1	0	0	0	0	0	0	0	1	0	0	7	5	0	0	0	0	0	0	0	0	0	0	0	0	0	0	3	0	0	0	0	1	10	14	24	0	0	0	0	0	15	0	0	45	0	0	0	0	7	0	0	0	1	0	0	1	0	0	1	0	9	0
155	0	1	55	0	0	0	539	0	26	0	0	0	0	0	0	0	10	12	42	9	5	0	3	358	35	1	0	0	0	0	0	0	205	0	0	0	0	0	0	0	0	0	0	1	0	15	0	12	0	7	3	0	0	0	0	0	0	0	0	0	1	0	0	631	0	0	0	1	0	1	0	0	0	0	0	0	1	186	158	2	4	1	0	0	0	0	34	0	0	33	0	6	21	0	1	2	0	0	0	25	2	0	2	0	0	442	0	2	8	1	18	0	1	26	0	0	0	0	13	0	430	0	3	0	5	0	519	1	66	0	1	6	0	5	0	1141	6	19	0	0	0	0	84	0	0	1	0	5	0	1	0	0	0	0	0	4	0	0	0	1	0	0	0	0	0	0	0	0	0	0	14	6	33	0	0	0	1	0	0	0	0	0	3	0	0	0	62	0	7	0	1	3	2	1	5	0	61	0	29	0
156	1	3	165	0	0	0	349	0	2	3	0	0	0	1	0	0	0	0	10	6	1	0	1	32	2	3	0	3	0	1	0	0	7	0	0	8	0	0	0	0	0	0	0	1	2	1	0	4	0	4	4	0	0	0	0	0	0	0	0	0	0	0	0	483	0	1	1	0	0	0	0	0	1	1	0	0	3	365	73	2	10	1	0	0	0	57	115	0	1	0	0	18	164	1	0	6	0	0	0	3	0	0	0	0	0	83	0	0	2	0	28	0	0	5	0	1	0	0	3	0	335	0	0	0	0	0	80	0	4	0	0	7	0	1	0	124	0	1	1	0	0	0	163	0	0	19	1	1	0	23	0	0	60	0	0	13	0	0	1	1	1	0	0	0	2	0	0	0	0	0	7	5	26	0	0	0	7	0	1	0	0	15	0	0	0	0	52	0	1	0	0	5	0	0	0	0	8	0	5	0
157	1	0	91	0	0	0	18	0	2	132	0	0	0	13	0	0	0	0	7	6	0	0	0	3	0	41	5	365	0	0	4	0	785	1	0	15	0	26	6	2	16	54	5	0	2	6	0	0	0	2	1	0	0	0	0	0	0	0	0	0	0	0	0	87	0	0	0	0	0	0	0	0	0	10	0	0	0	20	273	0	37	8	0	0	0	0	63	0	3	0	12	33	130	0	0	1	0	0	0	5	1	0	7	1	0	684	4	2	58	0	129	11	0	5	0	0	0	0	0	0	62	0	0	1	0	0	1147	0	158	0	0	6	0	1	1	656	1	3	0	2	0	0	12	0	0	0	0	0	0	4	0	10	7	1	0	1	0	0	0	1	0	0	4	1	16	0	0	0	0	0	6	1	7	0	0	0	13	0	0	0	0	9	3	0	2	0	64	0	4	0	0	8	1	0	0	1	3	1	41	0
158	0	0	40	0	0	0	36	0	8	1	0	0	0	7	0	0	0	0	12	3	4	0	0	2	0	30	5	794	0	15	7	1	1600	0	8	12	0	44	10	0	14	86	14	0	0	6	0	1	0	2	0	0	0	0	0	0	0	0	0	1	0	0	0	50	0	0	0	0	0	0	0	0	0	3	0	0	0	261	122	1	11	2	0	0	0	0	49	1	39	25	9	35	190	0	0	1	0	0	0	5	0	0	6	0	0	308	2	1	16	0	97	15	0	4	0	0	0	0	1	0	61	0	0	0	0	0	560	0	33	0	0	5	0	2	0	459	3	2	1	0	0	0	13	0	0	6	0	1	0	4	0	14	0	0	0	1	0	0	0	1	4	0	4	0	24	0	0	0	0	0	0	2	3	0	0	0	12	0	0	0	0	10	1	0	2	0	60	0	7	0	0	4	1	0	0	0	4	4	56	0
159	0	0	30	0	0	0	15	0	3	9	0	0	0	1	0	0	1	2	3	1	10	0	6	1	0	66	5	30	0	0	0	0	59	0	0	0	0	0	0	0	0	0	0	0	1	6	0	6	0	6	1	0	0	0	0	0	2	0	0	0	0	0	0	400	0	0	0	0	0	0	0	0	0	13	0	1	0	73	56	1	35	15	0	0	1	0	373	3	0	0	0	4	15	0	0	1	0	0	0	16	0	2	1	1	0	365	1	2	16	0	91	0	0	17	0	0	0	0	6	0	240	0	0	0	0	0	484	0	31	1	2	7	0	5	1	556	1	4	3	1	0	0	6	0	0	3	1	0	0	7	0	0	0	0	0	1	0	0	0	0	6	3	2	0	0	0	0	0	0	0	2	3	1	0	0	0	7	0	0	7	0	65	0	0	0	0	13	0	1	0	0	0	0	0	0	0	4	0	11	0
160	0	2	121	0	0	0	1	0	22	0	0	0	0	9	0	0	8	4	26	10	4	0	2	0	0	16	0	90	0	17	0	0	22	0	0	33	0	0	0	0	0	0	0	0	1	0	0	7	0	30	2	0	0	0	0	0	2	0	0	0	0	0	0	403	0	0	0	0	0	0	1	0	0	16	0	0	1	433	39	3	44	8	0	0	1	0	59	0	0	0	20	2	12	0	0	12	0	0	0	3	0	0	0	1	0	131	1	0	3	0	35	0	0	8	0	0	0	0	5	0	323	0	0	0	0	0	252	0	18	0	0	10	0	3	0	276	1	5	0	0	0	0	34	0	0	39	0	0	0	57	0	0	102	0	0	2	0	0	0	0	0	1	0	0	2	0	0	0	0	0	8	13	76	0	1	0	2	0	0	2	0	5	0	0	4	0	48	0	6	0	0	0	0	0	0	0	2	0	76	0
161	0	1	84	1	0	0	1	0	8	21	0	0	0	0	0	0	18	8	9	1	2	0	4	0	0	3	0	5	0	0	0	0	81	0	8	0	0	9	8	0	0	1	1	0	0	0	0	0	0	1	0	0	0	0	0	0	2	0	2	0	0	0	0	59	0	0	0	0	0	0	0	0	0	22	0	1	1	55	111	0	23	4	0	0	0	6	8	0	0	0	11	25	83	0	0	1	0	0	0	1	0	0	1	0	0	40	0	0	1	1	9	1	0	1	0	0	0	0	1	0	55	0	0	0	0	0	37	0	0	0	1	0	0	1	0	68	0	1	0	0	0	0	10	0	0	8	0	0	0	8	0	0	0	0	0	1	0	0	0	0	0	0	0	0	45	0	0	0	0	0	7	1	4	0	0	0	5	0	3	2	0	13	0	0	0	0	22	0	1	0	0	1	0	0	0	0	4	0	30	0
162	0	1	226	0	0	0	11	0	13	0	0	0	0	7	0	0	1	0	5	2	17	5	3	0	0	8	2	18	0	0	0	0	61	0	0	0	0	0	0	0	0	0	0	0	0	0	0	1	1	7	0	0	0	0	0	0	0	0	0	0	0	0	0	72	0	0	0	0	0	0	0	0	0	7	0	0	0	36	48	0	18	3	0	0	0	0	14	0	0	0	0	0	15	0	0	0	0	0	0	2	0	0	0	0	0	118	0	0	0	0	19	0	0	2	0	0	0	0	0	12	66	0	0	0	0	0	76	0	6	0	0	1	0	0	0	177	1	1	0	0	0	0	4	0	0	4	0	0	0	1	0	0	7	0	0	1	0	0	0	0	1	0	0	0	12	0	0	0	0	0	4	0	9	0	0	0	82	0	1	0	0	15	6	0	0	0	26	0	3	0	0	0	0	7	0	0	1	0	7	0
163	0	2	110	0	0	0	34	0	3	7	0	0	0	0	0	0	9	4	10	0	3	0	2	1	0	89	11	1	1	0	0	0	759	0	0	1	0	0	0	0	0	0	0	0	1	0	0	0	0	0	0	0	0	0	0	0	0	0	0	0	0	0	0	51	0	0	0	0	0	0	0	0	0	3	0	1	4	45	27	0	7	5	0	0	0	0	32	0	0	6	0	0	0	0	0	0	0	0	0	4	0	0	3	0	0	205	0	2	16	0	42	0	0	1	0	0	0	0	0	0	42	0	0	0	0	0	352	0	14	0	0	0	0	2	0	236	1	3	0	0	0	0	13	0	0	0	0	0	0	3	0	0	0	0	0	1	1	0	0	0	0	0	0	0	0	0	0	0	0	0	10	1	1	0	0	0	33	0	0	0	0	2	2	2	0	0	38	0	3	0	0	0	0	0	0	0	2	0	25	0
164	0	0	30	0	0	0	0	0	2	86	0	0	0	1	0	0	0	0	0	2	7	0	0	0	0	3	0	2	0	0	0	0	1320	1	0	1	0	2	0	0	0	0	0	0	0	1	0	5	0	4	0	0	0	0	0	1	0	0	0	0	0	0	0	171	0	0	0	0	0	0	0	0	0	1	0	0	0	18	12	0	9	4	0	0	0	0	65	0	0	32	1	0	4	0	0	0	0	0	0	1	0	0	0	0	0	39	0	0	2	0	15	0	2	4	0	0	0	0	0	0	119	0	0	0	1	0	40	0	2	0	1	0	0	3	0	62	0	0	0	0	0	0	485	0	0	1	0	0	1	10	0	0	0	0	0	25	0	0	0	0	0	0	0	0	0	0	0	0	0	0	1	0	0	0	0	0	0	0	0	0	0	0	2	0	0	0	22	0	1	0	0	0	0	0	0	0	1	3	18	0
165	0	0	93	1	0	0	0	0	46	2	0	0	0	10	0	0	6	15	17	6	20	0	0	0	0	11	0	5	0	0	0	0	109	0	0	2	0	0	0	0	0	0	0	0	0	2	0	8	0	110	2	0	0	0	0	0	0	1	2	9	0	0	0	353	0	0	0	0	0	0	0	0	0	6	0	1	3	145	16	1	12	2	0	1	0	0	5	0	0	1	43	0	35	0	0	3	0	0	0	7	0	0	0	0	0	281	1	0	30	0	17	0	0	13	0	0	0	0	19	0	257	0	0	0	1	0	393	0	21	0	1	7	0	7	0	200	0	6	0	0	0	0	38	0	0	76	0	93	1	117	0	0	0	1	0	10	1	0	0	0	0	0	0	0	2	0	1	0	0	0	8	2	11	0	0	0	87	0	0	0	0	0	3	0	1	0	42	0	1	0	0	0	0	7	0	1	34	0	12	0
166	0	0	40	0	0	0	10	0	60	3	0	0	0	4	0	0	4	5	7	5	7	0	0	0	0	22	4	2	0	0	0	0	552	0	0	0	0	25	10	0	0	3	1	19	1	19	0	11	0	2	2	0	0	0	0	0	0	0	6	0	0	1	0	588	0	1	0	0	0	0	0	0	0	14	0	2	6	236	50	0	30	14	0	0	0	0	257	0	0	0	23	1	25	0	0	2	0	0	0	15	0	1	0	0	0	511	3	2	87	0	14	0	15	25	0	0	0	0	1	0	382	0	0	0	34	1	466	12	73	0	2	10	0	9	0	594	1	16	0	0	2	0	452	2	0	23	0	10	0	25	0	0	0	0	1	45	1	0	0	0	0	0	0	0	1	0	0	0	0	0	10	5	17	0	0	0	1	0	0	0	0	2	5	0	1	0	83	0	3	0	0	1	0	2	0	0	42	1	24	0
167	0	1	8	1	1	0	171	1	11	0	0	0	0	4	2	3	0	0	43	4	21	0	8	0	0	7	2	4	0	1	0	0	800	0	1	0	0	1	0	0	0	0	0	10	1	29	0	10	0	36	1	0	0	0	0	0	0	2	3	13	0	0	0	325	0	0	0	0	0	0	0	0	0	6	0	0	2	91	162	2	12	7	0	0	0	0	50	1	0	5	3	30	117	0	0	0	0	0	0	10	0	0	0	0	0	213	0	1	5	0	3	0	5	11	0	1	0	0	14	0	256	0	1	1	59	2	234	12	16	0	0	1	0	4	0	442	3	9	1	0	0	0	23	0	0	10	0	0	0	23	0	0	2	0	0	1	0	0	0	1	0	0	0	0	0	0	0	0	0	0	2	2	13	0	0	0	22	0	0	0	0	2	0	0	0	0	6	0	0	0	0	14	0	0	0	0	11	0	31	0
168	0	5	597	0	41	0	301	0	44	0	0	0	0	1	0	0	0	0	25	7	2	3	2	0	0	6	0	2	0	1	0	1	2591	2	15	17	0	0	0	0	0	0	0	0	0	0	1	5	0	14	3	0	0	0	2	0	4	0	0	0	0	0	0	507	0	0	0	0	0	0	0	0	0	7	0	0	1	145	131	2	25	2	1	0	1	0	143	2	0	0	4	10	27	0	0	1	0	0	0	11	0	0	1	1	0	480	1	4	48	0	56	0	0	30	0	0	0	0	7	0	283	0	1	0	0	0	416	0	76	1	1	7	0	2	0	928	3	12	0	0	0	0	52	0	0	0	0	0	0	1	0	0	3	0	0	3	0	2	0	0	3	0	0	0	22	0	0	0	0	1	11	4	24	0	0	27	7	0	29	0	0	103	0	0	0	0	46	0	3	1	1	3	1	0	4	1	34	0	140	0
